OID_,UIDENTSTLAE,ULAND,UREGBEZ,UKREIS,UGEMEINDE,UJAHR,UMONAT,USTUNDE,UWOCHENTAG,UKATEGORIE,UART,UTYP1,ULICHTVERH,IstStrassenzustand,IstRad,IstPKW,IstFuss,IstKrad,IstGkfz,IstSonstige,LINREFX,LINREFY,XGCSWGS84,YGCSWGS84,PLST,index_right,FID,SBZ,Name
136215,14240527144200345040,14,7,13,0,2024,5,10,2,3,1,6,0,1,0,1,0,0,0,1,"734299,272199999541044","5690087,002900000661612",12.362188209000067,51.313769249000075,1,4,4,4,Süd
136242,14240411148320227910,14,7,13,0,2024,4,20,5,3,5,7,2,0,0,1,0,0,0,1,"734765,720099999569356","5693524,329199999570847",12.371133593000025,51.344431952000036,1,0,0,0,Mitte
136246,14240411148110209900,14,7,13,0,2024,4,11,5,3,2,6,0,0,0,1,0,0,0,0,"736661,394299999810755","5695576,663499999791384",12.399668163000058,51.36206805200004,1,9,9,9,Nord
136304,14240409148110188810,14,7,13,0,2024,4,4,3,3,5,3,2,0,1,1,0,0,0,0,"727992,546199999749660","5701028,233699999749660",12.278861697000025,51.41455257100006,1,8,8,8,Nordwest
136305,14240409144310188790,14,7,13,0,2024,4,10,3,3,2,6,0,0,0,1,0,0,0,0,"732281,021300000138581","5701183,347799999639392",12.34052616100007,51.414204787000074,1,8,8,8,Nordwest
136335,14240408144200229100,14,7,13,0,2024,4,15,2,2,5,2,0,0,1,1,0,0,0,0,"737390,038300000131130","5690266,067600000649691",12.40657619600006,51.31409589200007,1,3,3,3,Südost
136337,14240408144200188750,14,7,13,0,2024,4,11,2,2,4,6,0,0,0,1,0,0,0,0,"729027,852400000207126","5691863,628699999302626",12.287820002000046,51.331864015000065,1,6,6,6,West
136349,14240501144200265390,14,7,13,0,2024,5,11,4,3,2,6,0,0,0,1,0,0,0,0,"739780,920599999837577","5688208,183900000527501",12.439437051000027,51.29462253400004,1,3,3,3,Südost
136364,14240626148110435670,14,7,13,0,2024,6,7,4,3,3,2,0,0,1,1,0,0,0,0,"736868,061499999836087","5694391,788899999111891",12.401842590000058,51.35134640100006,1,1,1,1,Nordost
136372,14240526148211331870,14,7,13,0,2024,5,18,1,3,5,3,0,0,1,1,0,0,0,0,"735059,873700000345707","5690234,702700000256300",12.37317988500007,51.31478145900007,1,4,4,4,Süd
136373,14240407144200229470,14,7,13,0,2024,4,14,1,2,0,6,0,0,0,1,0,1,0,0,"730095,245400000363588","5687550,022700000554323",12.300333418000037,51.292709657000046,1,5,5,5,Südwest
136402,14240406144310188010,14,7,13,0,2024,4,18,7,3,2,6,0,0,0,1,0,0,1,0,"742839,804499999620020","5695493,577700000256300",12.488190638000049,51.358715535000044,1,2,2,2,Ost
136428,14240924148210682510,14,7,13,0,2024,9,13,3,3,4,2,0,1,0,1,0,0,0,0,"736543,068599999882281","5690285,889699999243021",12.394458157000031,51.314626444000055,1,0,0,0,Mitte
136435,14240405148211227900,14,7,13,0,2024,4,20,6,3,2,6,2,0,0,1,0,0,0,0,"741880,738800000399351","5694650,627100000157952",12.473868757000048,51.35155873200006,1,2,2,2,Ost
136437,14240405148210199871,14,7,13,0,2024,4,14,6,2,5,3,0,0,1,0,0,0,0,1,"740759,288399999961257","5694463,531799999997020",12.45766760600003,51.350355550000074,1,2,2,2,Ost
136448,14240501148110281220,14,7,13,0,2024,5,17,4,3,0,1,0,0,0,0,0,0,0,1,"733239,747800000011921","5696876,859400000423193",12.351459625000075,51.375154198000075,1,8,8,8,Nordwest
136450,14240928148410663870,14,7,13,0,2024,9,15,7,3,2,6,0,1,0,1,0,0,0,0,"735098,755400000140071","5693536,129100000485778",12.375914720000026,51.34440026000004,1,0,0,0,Mitte
136466,14240404148310188050,14,7,13,0,2024,4,13,5,3,5,3,0,0,0,1,0,0,0,0,"729681,563299999572337","5687337,095100000500679",12.294273437000072,51.29096513300004,1,5,5,5,Südwest
136467,14240404144200188390,14,7,13,0,2024,4,11,5,2,5,3,0,0,0,1,0,0,0,0,"731292,432000000029802","5697264,752000000327826",12.323781548000056,51.379432629000064,1,8,8,8,Nordwest
136496,14240403148410200460,14,7,13,0,2024,4,14,4,3,2,6,0,0,0,1,0,0,0,0,"736203,030100000090897","5693821,475800000131130",12.391931151000051,51.34650390200005,1,0,0,0,Mitte
136518,14240402148410199930,14,7,13,0,2024,4,18,3,3,5,3,0,1,1,1,0,0,0,0,"734426,092199999839067","5693410,277400000020862",12.36619064200005,51.343548310000074,1,0,0,0,Mitte
136519,14240402144200200370,14,7,13,0,2024,4,16,3,3,0,6,0,0,0,1,0,0,0,1,"738995,113699999637902","5689001,982799999415874",12.428718440000068,51.30207788800004,1,3,3,3,Südost
136578,14240331148110186690,14,7,13,0,2024,3,11,1,3,1,7,0,0,0,1,0,0,0,0,"727781,686999999918044","5699037,869400000199676",12.27455679600007,51.39676945900004,1,8,8,8,Nordwest
136628,14240327148410181150,14,7,13,0,2024,3,10,4,3,5,3,0,0,0,1,0,0,0,0,"735173,124400000087917","5693550,996700000017881",12.376990454000065,51.34450296000006,1,0,0,0,Mitte
136630,14240327148410168820,14,7,13,0,2024,3,6,4,2,3,6,0,0,0,1,0,1,0,0,"734818,279000000096858","5693487,595899999141693",12.371862689000068,51.34408051500003,1,0,0,0,Mitte
136631,14240327148310229180,14,7,13,0,2024,3,11,4,3,5,3,0,0,1,1,0,0,0,0,"731168,027900000102818","5688476,203400000929832",12.316292754000074,51.30058958200004,1,5,5,5,Südwest
136632,14240327148110168750,14,7,13,0,2024,3,16,4,2,3,1,0,0,1,0,0,0,0,1,"730997,136900000274181","5696818,696399999782443",12.319255746000067,51.375548673000026,1,8,8,8,Nordwest
136653,14240326144200188720,14,7,13,0,2024,3,17,3,3,5,3,0,0,1,0,0,0,0,1,"736464,159799999557436","5696407,936300000175834",12.397392930000024,51.36961177000006,1,9,9,9,Nord
136699,14240324144320156630,14,7,13,0,2024,3,9,1,3,2,6,0,1,0,1,0,0,0,0,"734324,219899999909103","5700740,137000000104308",12.369563055000071,51.40938590500008,1,9,9,9,Nord
136708,14240710148410451590,14,7,13,0,2024,7,22,4,3,5,2,2,0,1,1,0,0,0,0,"736494,048000000417233","5694625,089999999850988",12.396636263000062,51.353596279000044,1,1,1,1,Nordost
136710,14240323148310168800,14,7,13,0,2024,3,12,7,3,2,6,0,0,0,1,0,0,0,0,"731183,218999999575317","5688474,998800000175834",12.31650951000006,51.300572601000056,1,5,5,5,Südwest
136712,14240921144200694520,14,7,30,300,2024,9,10,7,3,0,7,0,0,0,1,0,0,0,0,"741490,345200000330806","5696735,289200000464916",12.469688137000048,51.37043550000004,1,1,1,1,Nordost
136727,14240721144310527640,14,7,30,270,2024,7,16,1,2,9,1,0,1,0,0,0,1,0,0,"729997,936200000345707","5701220,029999999329448",12.307775075000052,51.415464573000065,1,8,8,8,Nordwest
136751,14240321148120155731,14,7,13,0,2024,3,17,5,3,2,6,1,0,0,1,0,0,0,0,"730593,612300000153482","5696921,204600000753999",12.31353432900005,51.376632864000044,1,8,8,8,Nordwest
136752,14240321148110157200,14,7,13,0,2024,3,7,5,3,3,2,0,0,1,1,0,0,0,0,"735609,529299999587238","5697095,824400000274181",12.385593019000055,51.37614152200007,1,9,9,9,Nord
136753,14240321144320186780,14,7,13,0,2024,3,12,5,2,2,6,0,0,0,1,0,0,1,0,"728031,841500000096858","5684153,546499999240041",12.268622381000057,51.263047897000035,1,5,5,5,Südwest
136774,14240320148414155740,14,7,13,0,2024,3,13,4,3,2,6,0,0,0,1,0,0,0,0,"736232,962100000120699","5693702,856200000271201",12.392281470000057,51.34542671300005,1,0,0,0,Mitte
136828,14240318148110168730,14,7,13,0,2024,3,8,2,3,5,3,0,0,0,1,0,0,0,0,"727751,382000000216067","5699061,994000000879169",12.274137377000045,51.39699819400005,1,8,8,8,Nordwest
136831,14240318144200188410,14,7,13,0,2024,3,11,2,3,2,6,0,0,0,1,0,1,0,0,"737000,199000000022352","5691379,565199999138713",12.401732597000034,51.32425327400006,1,3,3,3,Südost
136843,14240428144310247370,14,7,13,0,2024,4,10,1,2,3,6,0,0,0,0,0,1,0,1,"744235,097299999557436","5693951,166400000452995",12.50713429700005,51.344274305000056,1,2,2,2,Ost
136867,14240316144200155720,14,7,13,0,2024,3,23,7,3,3,6,2,0,0,1,0,0,0,0,"735642,191599999554455","5693490,016699999570847",12.383673115000022,51.343761372000074,1,0,0,0,Mitte
136889,14240315144200142420,14,7,13,0,2024,3,17,6,3,2,6,0,0,0,1,0,0,0,0,"735756,257299999706447","5693597,977499999105930",12.38537943700004,51.34468317100004,1,0,0,0,Mitte
136899,14240903144320620300,14,7,13,0,2024,9,6,3,3,5,3,0,0,1,0,0,0,1,0,"734340,727099999785423","5690139,080700000748038",12.362816200000054,51.31421966000005,1,4,4,4,Süd
136909,14240314148224141280,14,7,13,0,2024,3,19,5,3,0,3,1,0,1,1,0,0,0,0,"736495,053600000217557","5694625,118799999356270",12.396650697000041,51.35359611900003,1,1,1,1,Nordost
136940,14240313148410141780,14,7,13,0,2024,3,19,4,3,1,5,2,0,1,1,0,0,0,0,"736364,718399999663234","5692366,783399999141693",12.393283282000027,51.33337910800003,1,0,0,0,Mitte
136942,14240313148310135890,14,7,13,0,2024,3,7,4,3,5,2,0,0,1,1,0,0,0,0,"732387,900299999862909","5692412,073400000110269",12.336325892000048,51.335424439000064,1,7,7,7,Alt-West
136944,14240313144200294481,14,7,13,0,2024,3,7,4,3,4,2,0,0,1,1,0,0,0,0,"736076,382699999958277","5693843,602399999275804",12.390130555000042,51.34675511900008,1,0,0,0,Mitte
136982,14240312144200141250,14,7,13,0,2024,3,11,3,2,3,6,0,0,1,0,0,0,1,0,"732084,072999999858439","5692453,548599999397993",12.331998875000068,51.335920817000044,1,7,7,7,Alt-West
136983,14240312144200135830,14,7,13,0,2024,3,7,3,2,6,4,0,0,0,1,1,0,0,0,"743264,343899999745190","5692903,904999999329448",12.492507209000053,51.33529103300003,1,2,2,2,Ost
137005,14240311148310188420,14,7,13,0,2024,3,15,2,3,5,2,0,0,0,1,0,0,0,1,"735381,893199999816716","5693539,415200000628829",12.37997503500003,51.34431260900004,1,0,0,0,Mitte
137008,14240311144200124530,14,7,13,0,2024,3,17,2,3,2,6,0,0,0,1,0,0,0,1,"735486,163300000131130","5697076,505999999120831",12.383810832000052,51.37601928300006,1,9,9,9,Nord
137054,14240819148410549160,14,7,13,0,2024,8,19,2,3,3,2,0,0,1,1,0,0,0,0,"735465,868099999614060","5693489,389499999582767",12.38114554200007,51.34382879100008,1,0,0,0,Mitte
137061,14240913144200645680,14,7,13,0,2024,9,21,6,3,4,2,2,1,0,1,0,0,0,0,"740894,505499999970198","5696350,982699999585748",12.46088366400005,51.36723914800007,1,2,2,2,Ost
137070,14240308148310135550,14,7,13,0,2024,3,10,6,3,3,6,0,0,1,1,0,0,0,0,"734039,194600000046194","5693245,379200000315905",12.360536964000062,51.34222749200006,1,0,0,0,Mitte
137074,14240308148110135860,14,7,13,0,2024,3,11,6,3,2,5,0,0,0,1,0,0,0,1,"728593,094700000248849","5697450,601700000464916",12.285179249000066,51.38219412700005,1,8,8,8,Nordwest
137075,14240308144200188760,14,7,13,0,2024,3,20,6,3,6,4,2,0,0,1,1,0,0,0,"740384,609699999913573","5694431,637299999594688",12.452275610000072,51.35022784500006,1,2,2,2,Ost
137099,14240307148323123760,14,7,13,0,2024,3,14,5,3,3,2,0,0,1,1,0,0,0,0,"731914,664400000125170","5688240,140599999576807",12.32683115900005,51.29816688400007,1,5,5,5,Südwest
137101,14240307148320141770,14,7,13,0,2024,3,7,5,3,5,3,0,0,1,1,0,0,0,0,"732963,628899999894202","5692857,692199999466538",12.34486779100007,51.33918906400004,1,7,7,7,Alt-West
137119,14240306144200118741,14,7,13,0,2024,3,15,4,1,5,3,0,0,1,1,0,0,0,0,"741229,880300000309944","5694506,557600000873208",12.464441923000038,51.35054222200006,1,2,2,2,Ost
137150,14240724148410493220,14,7,13,0,2024,7,17,4,3,2,1,0,1,0,1,0,1,0,0,"736379,725200000219047","5692372,500700000673532",12.393502109000053,51.33342419100006,1,3,3,3,Südost
137152,14240304148310141290,14,7,13,0,2024,3,15,2,3,4,6,0,0,1,0,0,0,0,0,"732828,241000000387430","5692790,896999999880791",12.342883796000024,51.33864491500003,1,7,7,7,Alt-West
137154,14240304144310108380,14,7,13,0,2024,3,6,2,3,3,6,1,1,0,1,0,0,1,1,"730547,620600000023842","5701195,033099999651313",12.315650047000076,51.41501698500008,1,8,8,8,Nordwest
137155,14240304144200108370,14,7,13,0,2024,3,16,2,3,3,6,0,0,0,1,0,0,0,0,"737883,742200000211596","5690224,606599999591708",12.41361977500003,51.313517610000076,1,3,3,3,Südost
137180,14240303148110141510,14,7,13,0,2024,3,14,1,3,8,1,0,0,0,1,0,0,0,0,"735622,293499999679625","5700149,506400000303984",12.387802055000066,51.403546617000075,1,9,9,9,Nord
137196,14240302148210107700,14,7,13,0,2024,3,17,7,2,0,7,0,0,1,0,0,0,0,0,"736551,890800000168383","5690285,580000000074506",12.394584314000042,51.31461999800007,1,0,0,0,Mitte
137531,14241228148110931540,14,7,13,0,2024,12,17,7,3,1,7,2,0,0,1,0,0,0,1,"738590,035099999979138","5694534,757099999114871",12.426621683000064,51.351909499000044,1,1,1,1,Nordost
137563,14241223144200906930,14,7,13,0,2024,12,9,2,3,5,7,0,1,0,1,0,0,0,1,"736308,233199999667704","5692434,241000000387430",12.392518640000048,51.33400809200003,1,0,0,0,Mitte
137606,14241220144310918110,14,7,13,0,2024,12,15,6,3,2,6,0,0,0,1,0,0,0,0,"744883,727800000458956","5691834,015799999237061",12.514974463000044,51.32499379700005,1,2,2,2,Ost
137645,14241218144200930090,14,7,13,0,2024,12,22,4,2,4,6,2,0,0,1,0,0,0,0,"733807,556499999947846","5700718,657099999487400",12.362133079000046,51.40940629000005,1,8,8,8,Nordwest
137719,14241213148310906960,14,7,13,0,2024,12,12,6,3,2,6,0,0,0,1,0,0,0,0,"729933,092299999669194","5693109,401799999177456",12.301596236000023,51.34268215800006,1,7,7,7,Alt-West
137752,14241211144310872300,14,7,13,0,2024,12,15,4,3,3,6,0,0,0,1,0,0,0,0,"746193,169800000265241","5690711,933299999684095",12.53295679300004,51.31435814300005,1,2,2,2,Ost
137770,14241210148410872350,14,7,13,0,2024,12,8,3,3,5,3,0,1,1,1,0,0,0,0,"734764,546799999661744","5693524,091399999335408",12.371116620000066,51.344430302000035,1,0,0,0,Mitte
137772,14241210148310932280,14,7,13,0,2024,12,18,3,3,5,2,2,0,0,1,0,0,0,0,"727282,056400000117719","5690036,977600000798702",12.261637301000064,51.31616569600004,1,6,6,6,West
137815,14241208148410872360,14,7,13,0,2024,12,16,1,3,2,6,0,0,0,1,0,0,0,0,"736218,800999999977648","5694001,133400000631809",12.39227640200005,51.34810999000007,1,0,0,0,Mitte
137825,14241207148320858280,14,7,13,0,2024,12,17,7,3,2,6,2,1,0,1,0,0,0,0,"727279,700000000186265","5690016,911499999463558",12.261590756000032,51.31598649500006,1,6,6,6,West
137838,14241206148210898500,14,7,13,0,2024,12,14,6,3,2,6,0,1,0,1,0,0,0,0,"734418,715800000354648","5689898,876099999994040",12.363775424000039,51.312031346000026,1,4,4,4,Süd
137839,14241206144310857930,14,7,13,0,2024,12,13,6,3,3,6,0,1,0,1,0,0,0,0,"738742,991200000047684","5699298,643500000238419",12.432013573000063,51.39460494400004,1,1,1,1,Nordost
137841,14241206144200857610,14,7,13,0,2024,12,14,6,3,1,6,0,1,0,1,0,0,0,0,"744368,903599999845028","5693467,379599999636412",12.508719885000062,51.33987477800008,1,2,2,2,Ost
137898,14241204148211906720,14,7,13,0,2024,12,12,4,3,4,6,0,0,0,1,0,0,0,0,"741582,308400000445545","5687135,513699999079108",12.464500350000037,51.28423348700005,1,3,3,3,Südost
137899,14241204148110857950,14,7,13,0,2024,12,17,4,3,1,7,2,1,0,1,0,0,0,0,"732654,973000000230968","5698947,695599999278784",12.344428490000041,51.39398308600005,1,8,8,8,Nordwest
137900,14241204144200918560,14,7,13,0,2024,12,19,4,3,6,4,0,1,0,0,1,0,0,1,"734227,548000000417233","5693318,415999999269843",12.363284543000077,51.34280554600008,1,0,0,0,Mitte
137923,14241203148210906310,14,7,13,0,2024,12,17,3,3,4,6,2,1,1,0,0,0,0,0,"737743,488300000317395","5690338,738500000908971",12.411687039000071,51.31460066500006,1,3,3,3,Südost
137927,14241203144200931890,14,7,13,0,2024,12,7,3,3,5,2,1,1,1,1,0,0,0,0,"740562,909300000406802","5696138,647600000724196",12.455985370000064,51.36547383100003,1,2,2,2,Ost
137928,14241203144200906680,14,7,13,0,2024,12,8,3,2,5,3,0,1,0,1,0,0,1,0,"726966,268199999816716","5686125,300300000235438",12.254626526000038,51.28117460400006,1,5,5,5,Südwest
137954,14241202148410858290,14,7,13,0,2024,12,5,2,3,2,2,1,0,0,1,0,0,0,0,"738577,091000000014901","5694523,927999999374151",12.426428878000024,51.35181773100004,1,1,1,1,Nordost
138021,14241225144310918120,14,7,13,0,2024,12,13,4,3,9,1,0,0,0,1,0,0,0,0,"728453,998399999924004","5701201,982300000265241",12.285598266000022,51.415926626000044,1,8,8,8,Nordwest
138035,14241128148210835670,14,7,13,0,2024,11,21,5,3,7,7,2,1,0,1,0,0,0,0,"733566,929100000299513","5687967,630699999630451",12.350311410000074,51.29504540800008,1,5,5,5,Südwest
138037,14241128144200948400,14,7,13,0,2024,11,11,5,3,6,4,0,1,0,0,1,0,0,1,"731229,897499999962747","5696761,294700000435114",12.322556962000021,51.37493866800003,1,8,8,8,Nordwest
138039,14241128144200836440,14,7,13,0,2024,11,22,5,2,5,3,2,1,0,1,0,1,0,0,"736064,576100000180304","5700915,845100000500679",12.394659142000023,51.410241486000075,1,9,9,9,Nord
138041,14241128144100858700,14,7,13,0,2024,11,17,5,3,2,6,2,1,0,1,0,0,0,0,"739529,466300000436604","5694456,941400000825524",12.440035334000072,51.35081594800005,1,2,2,2,Ost
138058,14241127144310988000,14,7,13,0,2024,11,19,4,3,4,6,2,0,1,0,0,0,0,0,"738689,519500000402331","5694499,316700000315905",12.428023962000054,51.35154962400003,1,2,2,2,Ost
138060,14241127144200872630,14,7,13,0,2024,11,9,4,2,6,4,0,0,0,1,1,0,0,0,"739841,863199999555945","5688146,449799999594688",12.440268064000065,51.29404276100007,1,3,3,3,Südost
138076,14241126144310817570,14,7,13,0,2024,11,17,3,3,2,6,2,0,0,1,0,0,0,0,"739532,019500000402331","5698688,441400000825524",12.442922573000033,51.38879553100003,1,1,1,1,Nordost
138127,14241123148210919610,14,7,13,0,2024,11,14,7,3,1,3,0,0,0,1,0,0,0,0,"737048,576500000432134","5690266,853000000119209",12.40168597500002,51.31424525600005,1,3,3,3,Südost
138152,14241122144200817550,14,7,13,0,2024,11,16,6,2,6,2,1,0,0,1,1,0,0,0,"738584,122100000269711","5694529,810300000011921",12.426533607000067,51.35186757900004,1,1,1,1,Nordost
138195,14241119148410815570,14,7,13,0,2024,11,14,3,3,5,3,0,1,1,1,0,0,0,0,"736506,239099999889731","5692243,174300000071526",12.395229098000073,51.33221074100004,1,3,3,3,Südost
138196,14241119148310816060,14,7,13,0,2024,11,15,3,3,2,6,0,1,0,1,0,0,0,0,"727273,672799999825656","5689071,093200000002980",12.260901836000073,51.307497873000045,1,6,6,6,West
138198,14241119148110835660,14,7,13,0,2024,11,21,3,3,5,2,2,1,0,1,0,0,1,0,"728905,710599999874830","5698648,246099999174476",12.290435836000029,51.392819512000074,1,8,8,8,Nordwest
138236,14241118144200815120,14,7,13,0,2024,11,10,2,3,8,1,0,1,0,1,0,0,0,0,"736180,148099999874830","5696647,194099999964237",12.393479026000023,51.37187753900008,1,9,9,9,Nord
138247,14241130144200836200,14,7,13,0,2024,11,11,7,3,5,3,0,0,0,1,0,0,0,0,"740712,959800000302494","5686511,552600000053644",12.45163717400004,51.279000910000036,1,3,3,3,Südost
138258,14241117148210796390,14,7,13,0,2024,11,12,1,3,9,1,0,1,0,0,0,1,0,0,"740725,071000000461936","5686520,231000000610948",12.451816346000044,51.27907368900003,1,3,3,3,Südost
138266,14241116148410795510,14,7,13,0,2024,11,15,7,3,5,3,0,0,1,1,0,0,0,0,"736245,766800000332296","5693701,101099999621511",12.392463833000022,51.345405638000045,1,0,0,0,Mitte
138273,14241115148210814820,14,7,13,0,2024,11,6,6,3,0,1,2,1,0,0,0,1,0,0,"735422,066100000403821","5690270,875600000843406",12.378391639000029,51.314956461000065,1,4,4,4,Süd
138275,14241115144200817040,14,7,13,0,2024,11,13,6,3,1,6,0,0,0,1,0,0,0,0,"732802,136500000022352","5696859,268200000748038",12.34517151700004,51.37517584100004,1,8,8,8,Nordwest
138277,14241115144200795071,14,7,13,0,2024,11,5,6,1,4,1,2,1,0,1,0,0,0,0,"730784,978199999779463","5697493,454199999570847",12.31665087400006,51.38169212100007,1,8,8,8,Nordwest
138332,14241113144310987980,14,7,13,0,2024,11,7,4,3,2,6,2,0,0,1,0,0,0,0,"736144,921299999579787","5701500,564099999144673",12.396201650000023,51.41545651400003,1,9,9,9,Nord
138333,14241113144200795910,14,7,13,0,2024,11,6,4,2,4,3,2,1,0,1,0,0,1,0,"734963,932199999690056","5697039,319900000467896",12.376296075000027,51.375901793000025,1,9,9,9,Nord
138334,14241113144200785730,14,7,13,0,2024,11,8,4,2,9,7,0,1,0,1,0,0,0,0,"728037,320399999618530","5691231,646400000900030",12.273220949000063,51.32658849900008,1,6,6,6,West
138352,14241112148110785310,14,7,13,0,2024,11,22,3,3,6,2,2,1,0,1,1,0,0,0,"731287,371399999596179","5697267,283900000154972",12.323710604000041,51.37945741800007,1,8,8,8,Nordwest
138430,14241108144200785291,14,7,13,0,2024,11,19,6,3,5,3,0,0,1,1,0,0,0,0,"735577,314799999818206","5693453,648199999704957",12.382719209000072,51.343461802000036,1,0,0,0,Mitte
138431,14241108144200775830,14,7,13,0,2024,11,22,6,3,0,6,2,0,0,1,0,0,0,0,"739324,184899999760091","5695154,105799999088049",12.437561682000023,51.35715999300004,1,2,2,2,Ost
138448,14241107144200775490,14,7,13,0,2024,11,17,5,2,4,6,2,0,0,1,0,0,0,0,"727702,656999999657273","5685604,192999999970198",12.26483575900005,51.276202598000054,1,5,5,5,Südwest
138468,14241105662222775280,14,7,13,0,2024,11,21,3,3,0,7,2,0,1,0,0,0,0,0,"736348,915000000037253","5694741,313999999314547",12.394632913000066,51.35469989400008,1,1,1,1,Nordost
138474,14241105148320767970,14,7,13,0,2024,11,18,3,3,2,2,2,0,0,1,0,0,0,0,"731366,347299999557436","5688460,687000000849366",12.319122629000049,51.30036974800004,1,5,5,5,Südwest
138475,14241105148110805880,14,7,13,0,2024,11,18,3,3,5,2,2,0,0,1,0,0,0,0,"738282,223100000061095","5694492,842399999499321",12.422181310000042,51.35166239700004,1,1,1,1,Nordost
138540,14241101148110753210,14,7,13,0,2024,11,18,6,2,6,4,2,0,0,1,1,0,0,0,"736563,341400000266731","5695127,314200000837445",12.397963484000059,51.35807547100006,1,1,1,1,Nordost
138568,14241030662221754580,14,7,13,0,2024,10,16,4,3,5,3,2,1,1,1,0,0,0,0,"741225,324000000022352","5694505,856000000610948",12.46437614000007,51.35053785800005,1,2,2,2,Ost
138573,14241030144310775850,14,7,13,0,2024,10,20,4,3,3,6,0,1,0,1,0,0,0,0,"730575,844100000336766","5683103,838999999687076",12.304347191000033,51.25260147200004,1,5,5,5,Südwest
138575,14241030144200751920,14,7,13,0,2024,10,17,4,2,6,4,1,1,0,1,1,0,0,0,"735491,811700000427663","5693439,562500000000000",12.381484428000022,51.34337078500005,1,0,0,0,Mitte
138613,14241029144200753180,14,7,13,0,2024,10,18,3,2,4,6,2,0,1,0,0,1,0,0,"741471,320399999618530","5689426,019099999219179",12.464460622000047,51.30483919800008,1,3,3,3,Südost
138614,14241029143263752700,14,7,13,0,2024,10,13,3,3,2,6,0,0,1,0,0,0,0,0,"735063,106499999761581","5698942,260800000280142",12.378977612000028,51.39294205200008,1,9,9,9,Nord
138666,14241027144200739900,14,7,13,0,2024,10,19,1,3,5,3,2,1,0,1,0,0,0,0,"735031,996399999596179","5702115,901200000196695",12.380633627000066,51.42144222200005,1,9,9,9,Nord
138687,14241026148210738990,14,7,13,0,2024,10,12,7,3,5,3,0,0,0,1,0,1,0,0,"737294,122200000099838","5690245,386199999600649",12.405188639000073,51.31395024900007,1,4,4,4,Süd
138688,14241026148110776380,14,7,13,0,2024,10,14,7,3,1,7,0,0,0,1,0,0,0,0,"735940,847199999727309","5697333,319900000467896",12.390502612000034,51.378135772000064,1,9,9,9,Nord
138690,14241026148110753890,14,7,13,0,2024,10,14,7,3,2,6,0,0,0,1,0,0,0,0,"735943,025000000372529","5697328,383899999782443",12.390530571000056,51.37809056100008,1,9,9,9,Nord
138691,14241026148110738950,14,7,13,0,2024,10,15,7,3,0,6,0,0,0,1,0,0,0,1,"736617,082499999552965","5695799,070299999788404",12.399180772000022,51.36408285300007,1,9,9,9,Nord
138715,14241114148310785780,14,7,13,0,2024,11,6,5,3,2,2,2,1,0,1,0,0,0,0,"727599,833999999798834","5685586,835300000384450",12.263352982000072,51.27608784100005,1,5,5,5,Südwest
138723,14241025148210738580,14,7,13,0,2024,10,7,6,3,2,6,0,0,0,1,0,0,0,0,"735522,103099999949336","5690259,265900000929832",12.379816860000062,51.31481086000008,1,4,4,4,Süd
138724,14241025148110739430,14,7,13,0,2024,10,17,6,3,2,6,1,0,0,1,0,0,0,0,"736352,145399999804795","5694765,426300000399351",12.394695238000054,51.35491498600004,1,1,1,1,Nordost
138809,14241022148410729440,14,7,13,0,2024,10,17,3,3,3,2,0,0,1,1,0,0,0,0,"736156,427899999544024","5693921,501399999484420",12.391329540000072,51.34742111200006,1,0,0,0,Mitte
138840,14241127148210835900,14,7,13,0,2024,11,18,4,3,8,1,2,0,0,1,0,0,0,0,"735711,691599999554455","5686946,095100000500679",12.380344817000037,51.28499214400006,1,4,4,4,Süd
138868,14241122148110817080,14,7,13,0,2024,11,22,6,3,3,2,2,1,0,1,0,0,1,0,"736134,226999999955297","5701502,656999999657273",12.396049530000028,51.41547975300006,1,9,9,9,Nord
138881,14241018144310739910,14,7,13,0,2024,10,18,6,3,5,3,1,0,0,1,0,1,0,0,"726967,015999999828637","5686124,598999999463558",12.25463678500006,51.281168010000044,1,5,5,5,Südwest
138882,14241018144200718790,14,7,13,0,2024,10,16,6,3,2,6,0,0,0,1,0,1,0,0,"736471,026600000448525","5693224,391100000590086",12.395375883000042,51.34103296200004,1,2,2,2,Ost