OID_,UIDENTSTLAE,ULAND,UREGBEZ,UKREIS,UGEMEINDE,UJAHR,UMONAT,USTUNDE,UWOCHENTAG,UKATEGORIE,UART,UTYP1,ULICHTVERH,IstStrassenzustand,IstRad,IstPKW,IstFuss,IstKrad,IstGkfz,IstSonstige,LINREFX,LINREFY,XGCSWGS84,YGCSWGS84,PLST,index_right,FID,SBZ,Name
138950,14241015148410729460,14,7,13,0,2024,10,17,3,3,2,6,1,0,0,1,0,0,0,0,"736300,984000000171363","5694363,336999999359250",12.393694828000037,51.35132703900007,1,1,1,1,Nordost
138953,14241015144200712930,14,7,13,0,2024,10,14,3,3,3,6,0,0,0,1,0,0,0,0,"736384,049800000153482","5694816,641300000250340",12.395186633000037,51.35536143100006,1,1,1,1,Nordost
249431,14240308148210123730,14,7,13,0,2024,3,7,6,3,5,3,0,0,1,1,0,0,0,0,"737349,774500000290573","5692914,739399999380112",12.407763148000072,51.33788739600004,1,3,3,3,Südost
249432,14240308144200168470,14,7,13,0,2024,3,14,6,3,3,6,0,0,1,1,0,0,0,0,"732535,872499999590218","5691967,571399999782443",12.338156315000049,51.33137379100003,1,5,5,5,Südwest
249433,14240308144200155700,14,7,13,0,2024,3,10,6,3,5,3,0,0,1,1,0,0,0,0,"731487,364500000141561","5688733,764599999412894",12.321032677000062,51.30277196000003,1,5,5,5,Südwest
249434,14240308144200135510,14,7,13,0,2024,3,10,6,3,2,6,0,0,0,1,0,0,0,0,"742273,502999999560416","5694339,152000000700355",12.479286451000064,51.34859586200008,1,2,2,2,Ost
249435,14240308144200123710,14,7,13,0,2024,3,16,6,3,2,6,0,0,0,1,0,0,0,0,"742252,433500000275671","5693587,315300000831485",12.478472956000076,51.34185682000003,1,2,2,2,Ost
249450,14240307148422135570,14,7,13,0,2024,3,19,5,3,3,2,2,0,1,1,0,0,0,0,"738658,080299999564886","5693770,286699999123812",12.427084573000059,51.34501915200008,1,2,2,2,Ost
249451,14240307148210123430,14,7,13,0,2024,3,18,5,3,2,6,2,0,0,1,0,0,0,0,"734137,285899999551475","5690672,029699999839067",12.360252069000069,51.31908742200005,1,4,4,4,Süd
249452,14240307144200123690,14,7,13,0,2024,3,7,5,3,5,3,0,0,1,1,0,0,0,0,"737350,467899999581277","5690245,263299999758601",12.405995590000032,51.31392565300007,1,3,3,3,Südost
249456,14240306144200169320,14,7,13,0,2024,3,13,4,3,3,6,0,0,0,1,0,0,0,0,"735782,095099999569356","5691799,260900000110269",12.384559248000073,51.328526683000064,1,0,0,0,Mitte
249457,14240306144200157160,14,7,13,0,2024,3,22,4,2,3,6,2,0,0,1,0,1,0,0,"737506,559000000357628","5697081,376000000163913",12.412791018000064,51.375221665000026,1,1,1,1,Nordost
249458,14240306144200123410,14,7,13,0,2024,3,15,4,2,0,4,0,0,0,0,1,0,0,1,"736343,009100000374019","5693602,879200000315905",12.393792397000027,51.344483565000075,1,0,0,0,Mitte
249467,14240305148410188830,14,7,13,0,2024,3,7,3,3,5,3,0,1,1,1,0,0,0,0,"736866,840699999593198","5690830,817800000309944",12.399457526000049,51.319383162000065,1,0,0,0,Mitte
249468,14240305148310136250,14,7,13,0,2024,3,12,3,3,0,1,0,1,1,0,0,0,0,0,"732323,512699999846518","5691714,450500000268221",12.334948323000049,51.32918836400006,1,5,5,5,Südwest
249469,14240305148211124550,14,7,13,0,2024,3,15,3,3,6,2,0,1,0,1,1,0,0,0,"738214,062900000251830","5691080,623500000685453",12.418922586000065,51.321063062000064,1,3,3,3,Südost
249470,14240305148210156670,14,7,13,0,2024,3,14,3,3,1,1,0,1,1,1,0,0,0,0,"738925,099999999627471","5693673,706299999728799",12.430846744000064,51.34404011400005,1,2,2,2,Ost
249471,14240305148110181140,14,7,13,0,2024,3,10,3,3,1,5,0,1,1,1,0,0,0,0,"737312,425999999977648","5697104,835000000894070",12.41002244300006,51.37551338500003,1,1,1,1,Nordost
249472,14240305144200118760,14,7,13,0,2024,3,14,3,3,1,7,0,0,0,1,0,0,0,0,"734889,983300000429153","5693391,273099999874830",12.37282687100003,51.34318626700008,1,0,0,0,Mitte
249473,14240305144200108700,14,7,13,0,2024,3,14,3,3,0,3,0,1,0,1,0,0,0,1,"735168,230999999679625","5693535,698000000789762",12.376910214000077,51.34436765700008,1,0,0,0,Mitte
249479,14240304148410108730,14,7,13,0,2024,3,18,2,3,1,5,2,0,1,1,0,0,0,0,"735011,181499999947846","5692095,134299999102950",12.373708829000066,51.33150155700008,1,0,0,0,Mitte
249480,14240304144200156620,14,7,13,0,2024,3,15,2,3,4,7,0,0,0,1,0,0,0,0,"736129,304999999701977","5697144,000700000673532",12.393079895000028,51.37635808500005,1,9,9,9,Nord
249481,14240304144200118780,14,7,13,0,2024,3,19,2,3,5,3,2,1,1,1,0,0,0,0,"736617,223899999633431","5687120,524100000038743",12.393422196000074,51.28618252800004,1,4,4,4,Süd
249482,14240304144200118750,14,7,13,0,2024,3,14,2,3,1,1,0,0,0,1,0,1,0,0,"736172,795300000347197","5697377,809299999848008",12.39385902600003,51.37843869800008,1,9,9,9,Nord
249490,14240303145400119110,14,7,13,0,2024,3,18,1,3,0,1,2,0,1,0,0,0,0,0,"735184,721599999815226","5688978,178600000217557",12.374139914000068,51.303450801000054,1,4,4,4,Süd
249497,14240307148110123420,14,7,13,0,2024,3,11,5,3,0,5,0,0,1,0,0,0,1,0,"734907,131400000303984","5695305,925100000575185",12.37433629900005,51.36036578200003,1,9,9,9,Nord
249504,14240301148410107580,14,7,13,0,2024,3,13,6,3,2,2,0,0,0,1,0,0,0,0,"734763,747499999590218","5693478,576999999582767",12.371075156000074,51.344022077000034,1,0,0,0,Mitte
249505,14240301148310124010,14,7,13,0,2024,3,16,6,3,3,2,0,0,1,1,0,0,0,0,"728018,821899999864399","5691015,922000000253320",12.272817891000045,51.32465928700003,1,6,6,6,West
249506,14240301148110107540,14,7,13,0,2024,3,13,6,3,3,2,0,0,1,1,0,0,0,0,"734947,155700000002980","5695754,369500000029802",12.37520635900006,51.364374619000046,1,9,9,9,Nord
249524,14240229148410168830,14,7,13,0,2024,2,15,5,3,2,6,0,0,0,1,0,0,0,0,"734810,782399999909103","5691709,504899999126792",12.370583254000053,51.328122747000066,1,0,0,0,Mitte
249525,14240229148410108090,14,7,13,0,2024,2,11,5,3,2,6,0,0,0,1,0,0,0,0,"734159,860999999567866","5692194,594000000506639",12.36157565800005,51.33274545200004,1,0,0,0,Mitte
249526,14240229148110142170,14,7,13,0,2024,2,8,5,3,4,6,0,0,1,1,0,0,0,0,"732249,345599999651313","5696926,196900000795722",12.337286597000059,51.376002965000055,1,8,8,8,Nordwest
249527,14240229148110108060,14,7,13,0,2024,2,16,5,3,4,6,0,0,1,0,0,0,0,0,"736288,214599999599159","5698024,557700000703335",12.39594458700003,51.38419596700004,1,1,1,1,Nordost
249528,14240229144200142140,14,7,13,0,2024,2,8,5,3,5,3,0,0,0,1,0,1,0,0,"731713,145999999716878","5692788,765000000596046",12.326901228000054,51.33908123900005,1,7,7,7,Alt-West
249529,14240229144200107520,14,7,13,0,2024,2,14,5,3,5,3,0,0,0,1,0,0,0,0,"729749,071700000204146","5692462,837400000542402",12.298541520000072,51.33695229800003,1,6,6,6,West
249545,14240228144200104270,14,7,13,0,2024,2,16,4,3,5,3,0,0,0,1,0,0,0,0,"736558,404000000096858","5699797,430999999865890",12.40100145200006,51.399996850000036,1,9,9,9,Nord
249546,14240228143263104250,14,7,13,0,2024,2,22,4,3,5,3,2,0,1,0,0,0,0,1,"735139,516300000250340","5689221,235200000926852",12.373652710000044,51.305651252000075,1,4,4,4,Süd
249557,14240227148322180790,14,7,13,0,2024,2,10,3,3,0,3,0,0,0,1,0,0,0,1,"733628,183000000193715","5692372,000000000000000",12.354073326000048,51.33455658300005,1,0,0,0,Mitte
249558,14240227148310101921,14,7,13,0,2024,2,12,3,3,5,2,0,0,1,0,0,0,0,1,"732153,062400000169873","5692467,831199999898672",12.332996855000033,51.33602087100007,1,7,7,7,Alt-West
249559,14240227144200104260,14,7,13,0,2024,2,19,3,3,2,6,2,1,0,1,0,0,0,0,"729975,492100000381470","5694366,243599999696016",12.303015910000056,51.353947695000045,1,7,7,7,Alt-West
249566,14240226148410104330,14,7,13,0,2024,2,16,2,3,3,6,0,0,1,1,0,0,0,0,"735709,615000000223517","5692656,713700000196695",12.384087983000029,51.33625346600007,1,0,0,0,Mitte
249567,14240226148310118800,14,7,13,0,2024,2,7,2,3,5,2,0,0,1,1,0,0,0,0,"732889,333700000308454","5690894,790899999439716",12.342520215000036,51.32159917700005,1,5,5,5,Südwest
249568,14240226148224001230,14,7,13,0,2024,2,9,2,3,1,7,0,0,1,1,0,0,0,0,"734718,382000000216067","5690351,819800000637770",12.368365545000074,51.31597368900003,1,4,4,4,Süd
249569,14240226148110092191,14,7,13,0,2024,2,7,2,3,9,1,1,2,0,0,0,1,0,0,"739108,682000000029802","5699421,345499999821186",12.437342986000033,51.39555233300007,1,1,1,1,Nordost
249580,14240225148310108410,14,7,13,0,2024,2,20,1,3,7,7,2,0,1,0,0,0,0,0,"730739,034099999815226","5695145,069199999794364",12.314467656000033,51.360629663000054,1,7,7,7,Alt-West
249581,14240225148110009330,14,7,13,0,2024,2,16,1,3,0,1,0,0,1,0,0,0,0,0,"737183,543999999761581","5694354,642300000414252",12.406340130000046,51.35088141800003,1,1,1,1,Nordost
249587,14240224148410101940,14,7,13,0,2024,2,19,7,3,6,2,2,0,0,1,1,0,0,0,"733389,029199999757111","5692139,505499999970198",12.350493935000031,51.332567761000064,1,5,5,5,Südwest
249588,14240224148410007410,14,7,13,0,2024,2,9,7,3,1,5,0,0,0,1,0,0,0,0,"734391,275999999605119","5693786,148000000044703",12.365939067000056,51.34693664400004,1,0,0,0,Mitte
249595,14240223148210001030,14,7,13,0,2024,2,13,6,3,3,6,0,0,1,1,0,0,0,0,"738201,388899999670684","5690643,153300000354648",12.41844880900004,51.317141640000045,1,3,3,3,Südost
249596,14240223144200136210,14,7,13,0,2024,2,9,6,3,5,2,0,0,1,1,0,0,0,0,"734810,983599999919534","5692782,399299999698997",12.371293183000034,51.33775340600005,1,0,0,0,Mitte
249601,14240222148110256770,14,7,13,0,2024,2,5,5,3,5,3,2,1,1,1,0,0,0,0,"733704,808100000023842","5697348,906300000846386",12.35844024100004,51.379200326000046,1,9,9,9,Nord
249610,14240221148210000910,14,7,13,0,2024,2,10,4,3,5,3,0,0,0,1,0,0,0,0,"735269,258999999612570","5691295,903400000184774",12.376879190000068,51.32422068600005,1,4,4,4,Süd
249611,14240221144200187980,14,7,13,0,2024,2,18,4,3,0,3,2,0,1,0,0,0,0,1,"738693,934200000017881","5697016,924300000071526",12.429776679000042,51.37414537600006,1,1,1,1,Nordost
249613,14240220148410007430,14,7,13,0,2024,2,14,3,3,6,2,0,0,0,1,1,0,0,0,"734974,854299999773502","5692070,370699999853969",12.373171974000059,51.33129427700004,1,0,0,0,Mitte
249614,14240220148110009250,14,7,13,0,2024,2,17,3,3,5,2,2,0,1,1,0,0,0,0,"737224,871000000275671","5696570,554999999701977",12.408410193000066,51.37075426600006,1,1,1,1,Nordost
249619,14240219148310074471,14,7,13,0,2024,2,10,2,3,0,1,0,1,0,0,0,1,0,0,"732621,630800000391901","5690986,173200000077486",12.338744666000025,51.32252899500003,1,5,5,5,Südwest
249620,14240219148210104300,14,7,13,0,2024,2,10,2,3,5,3,0,1,1,1,0,0,0,0,"734746,946999999694526","5690907,748700000345707",12.369140668000057,51.32095217700004,1,4,4,4,Süd
249621,14240219148110007670,14,7,13,0,2024,2,12,2,3,3,2,0,0,1,1,0,0,0,0,"735012,723500000312924","5692064,411399999633431",12.373710662000065,51.331225139000026,1,0,0,0,Mitte
249625,14240218148410101930,14,7,13,0,2024,2,21,1,3,5,3,2,1,1,1,0,0,0,0,"734819,275000000372529","5694103,107999999076128",12.37228293000004,51.34960517400003,1,0,0,0,Mitte
249627,14240217144200074200,14,7,13,0,2024,2,12,7,3,5,2,0,0,1,1,0,0,0,0,"732335,362499999813735","5696217,695800000801682",12.338057307000042,51.36960781500005,1,8,8,8,Nordwest
249640,14240215148310107570,14,7,13,0,2024,2,9,5,3,6,6,0,0,1,0,1,0,0,0,"731405,484699999913573","5692060,523499999195337",12.322018810000031,51.33266920300008,1,7,7,7,Alt-West
249641,14240215148110074700,14,7,13,0,2024,2,8,5,3,5,3,0,1,1,1,0,0,0,0,"733589,341400000266731","5696580,478099999949336",12.356278983000038,51.37235005700006,1,8,8,8,Nordwest
249642,14240215144200073480,14,7,13,0,2024,2,9,5,3,1,6,0,1,0,1,0,0,0,0,"738573,831500000320375","5694521,229900000616908",12.426380347000077,51.351794882000036,1,1,1,1,Nordost
249651,14240214145200068950,14,7,13,0,2024,2,22,4,3,6,4,2,1,0,1,1,0,0,0,"737095,748599999584258","5692703,592399999499321",12.403982338000048,51.33609808300008,1,3,3,3,Südost
249652,14240214144200074440,14,7,13,0,2024,2,16,4,3,3,5,0,0,0,1,0,0,0,1,"737128,715900000184774","5692940,896900000050664",12.404612718000067,51.33821440600008,1,2,2,2,Ost
249664,14240213148410124580,14,7,13,0,2024,2,16,3,3,1,5,1,0,1,1,0,0,0,0,"734656,738699999637902","5694703,932800000533462",12.37034918300003,51.35506553000005,1,0,0,0,Mitte
249665,14240213148410073510,14,7,13,0,2024,2,15,3,3,2,6,0,0,0,1,0,0,0,0,"734695,735399999655783","5691553,726099999621511",12.368832305000069,51.32677188300005,1,0,0,0,Mitte
249666,14240213148110057990,14,7,13,0,2024,2,9,3,3,0,7,0,0,0,1,0,0,0,1,"733143,159599999897182","5696000,232200000435114",12.349499413000046,51.367324772000075,1,8,8,8,Nordwest
249677,14240212148410073750,14,7,13,0,2024,2,18,2,3,6,7,2,0,1,0,1,0,0,0,"735304,755800000391901","5692237,224999999627471",12.378009215000077,51.332655644000056,1,0,0,0,Mitte
249678,14240212143263073120,14,7,13,0,2024,2,15,2,3,5,2,0,0,1,1,0,0,0,0,"739926,227900000289083","5693561,289300000295043",12.445118863000062,51.34260952200003,1,2,2,2,Ost
249686,14240217144200209560,14,7,13,0,2024,2,14,7,2,0,1,0,1,1,0,0,0,0,0,"733534,996399999596179","5694190,499399999156594",12.353930527000045,51.35091872000004,1,0,0,0,Mitte
249689,14240211148410069130,14,7,13,0,2024,2,19,1,3,6,4,2,1,1,0,1,0,0,0,"735022,880099999718368","5691666,052899999544024",12.37359348800004,51.327645121000046,1,0,0,0,Mitte
249690,14240211144200086760,14,7,13,0,2024,2,15,1,2,3,6,0,1,0,1,0,0,0,0,"736298,870500000193715","5691127,094000000506639",12.391517844000077,51.32227873700003,1,0,0,0,Mitte
249692,14240210148110057220,14,7,13,0,2024,2,22,7,3,1,5,2,0,1,1,0,0,0,0,"735854,523099999874830","5695423,734500000253320",12.387997768000048,51.361030827000036,1,9,9,9,Nord
249696,14240209148423069150,14,7,13,0,2024,2,14,6,3,3,6,0,0,1,0,0,0,1,0,"734405,964499999769032","5692961,866299999877810",12.365607015000023,51.33953147100004,1,0,0,0,Mitte
249697,14240209148410073970,14,7,13,0,2024,2,14,6,3,5,3,0,0,1,1,0,0,0,0,"734907,524100000038743","5692076,912900000810623",12.372211528000037,51.33138081200008,1,0,0,0,Mitte
249707,14240208148410058040,14,7,13,0,2024,2,9,5,3,6,4,0,0,0,1,1,0,0,0,"736681,469899999909103","5693059,504399999976158",12.398282263000056,51.339465361000066,1,2,2,2,Ost
249708,14240208148210046720,14,7,13,0,2024,2,6,5,3,5,3,0,0,1,1,0,0,0,0,"736071,560800000093877","5689665,482200000435114",12.387294044000043,51.30925325000004,1,4,4,4,Süd
249709,14240208144200068900,14,7,13,0,2024,2,17,5,3,5,2,2,1,0,1,0,0,0,0,"730962,876000000163913","5697338,221000000834465",12.319101966000062,51.38022628600004,1,8,8,8,Nordwest
249723,14240223144200009690,14,7,13,0,2024,2,14,6,3,5,2,0,0,0,1,0,0,0,0,"739098,941999999806285","5699445,123999999836087",12.437219252000034,51.395769865000034,1,1,1,1,Nordost
249725,14240207148110046320,14,7,13,0,2024,2,20,4,3,6,7,2,0,0,1,1,0,0,0,"737651,338100000284612","5694827,882500000298023",12.41336162400006,51.354933833000075,1,1,1,1,Nordost
249726,14240207144200046710,14,7,13,0,2024,2,17,4,3,3,6,2,1,1,1,0,0,0,0,"735015,512199999764562","5692057,724199999123812",12.373746210000036,51.331163960000026,1,0,0,0,Mitte
249733,14240206148410046380,14,7,13,0,2024,2,9,3,3,5,3,0,0,1,1,0,0,0,0,"734552,009399999864399","5693797,369200000539422",12.368250365000051,51.34697107800008,1,0,0,0,Mitte
249734,14240206144200007080,14,7,13,0,2024,2,16,3,3,1,5,0,0,0,1,0,1,0,0,"736711,375599999912083","5692450,416500000283122",12.398306112000057,51.333985648000066,1,3,3,3,Südost
249740,14240205148410033670,14,7,13,0,2024,2,8,2,3,0,7,0,1,1,0,0,0,0,0,"735001,645800000056624","5692240,283399999141693",12.373667921000049,51.33280841100003,1,0,0,0,Mitte
249741,14240205148110056970,14,7,13,0,2024,2,10,2,3,3,6,0,0,1,1,0,0,0,0,"733878,010700000450015","5694946,087099999189377",12.359344237000073,51.357560214000046,1,9,9,9,Nord
249743,14240205144200033630,14,7,13,0,2024,2,17,2,3,5,3,0,0,1,1,0,0,0,0,"735182,834400000050664","5696001,154999999329448",12.378748952000024,51.36649232900004,1,9,9,9,Nord
249757,14240203148410057260,14,7,13,0,2024,2,11,7,3,5,7,0,0,1,1,0,0,0,0,"734694,356700000353158","5693371,329600000753999",12.370009909000032,51.34308802900006,1,0,0,0,Mitte
249758,14240203148323045990,14,7,13,0,2024,2,18,7,3,0,5,2,1,1,1,0,0,0,0,"732760,440499999560416","5690665,163499999791384",12.340523765000057,51.31959061900005,1,5,5,5,Südwest
249766,14240202148410033880,14,7,13,0,2024,2,15,6,3,3,2,0,0,1,1,0,0,0,0,"735187,495600000023842","5695104,096899999305606",12.37822267100006,51.35843814000003,1,0,0,0,Mitte
249767,14240214148410074491,14,7,13,0,2024,2,7,4,3,0,6,0,0,1,1,0,0,0,0,"737102,262199999764562","5691688,732200000435114",12.403400410000074,51.32698587200008,1,3,3,3,Südost
249768,14240202148410032660,14,7,13,0,2024,2,14,6,3,3,2,0,0,1,1,0,0,0,0,"735757,033099999651313","5692893,506100000813603",12.38492420600005,51.338359326000045,1,0,0,0,Mitte
249769,14240202148410032650,14,7,13,0,2024,2,16,6,3,5,3,0,0,1,1,0,0,0,0,"731774,495000000111759","5691005,672100000083447",12.326620709000053,51.323049741000034,1,5,5,5,Südwest
249770,14240202148310032640,14,7,13,0,2024,2,14,6,3,2,2,0,0,1,1,0,0,0,0,"732586,132100000046194","5692129,203099999576807",12.338982002000023,51.33280416300005,1,7,7,7,Alt-West
249771,14240202148310032630,14,7,13,0,2024,2,9,6,3,5,3,0,1,1,1,0,0,0,0,"732401,392300000414252","5690884,577400000765920",12.335523180000052,51.32170699300008,1,5,5,5,Südwest
249772,14240202148310032610,14,7,13,0,2024,2,9,6,3,1,6,0,1,0,1,0,0,0,0,"731545,683000000193715","5692157,186000000685453",12.324090656000067,51.333479871000065,1,7,7,7,Alt-West
249773,14240202148110045970,14,7,13,0,2024,2,18,6,3,1,5,2,0,1,1,0,0,0,0,"734066,728799999691546","5696078,742799999192357",12.36279524400004,51.36764973700008,1,9,9,9,Nord
249774,14240221148310104310,14,7,13,0,2024,2,17,4,3,5,3,2,0,1,1,0,0,0,0,"731845,254999999888241","5691600,398000000044703",12.328021299000056,51.32835965800007,1,5,5,5,Südwest
249775,14240202148110032600,14,7,13,0,2024,2,6,6,3,5,3,2,0,1,1,0,0,0,0,"735544,401499999687076","5697396,770600000396371",12.384858373000043,51.378869896000026,1,9,9,9,Nord
249778,14240202144200046290,14,7,13,0,2024,2,18,6,3,3,1,2,0,1,1,0,0,0,0,"735044,219200000166893","5692574,399800000712276",12.374498386000027,51.33578997500007,1,0,0,0,Mitte
249779,14240202144200033850,14,7,13,0,2024,2,9,6,3,4,2,0,1,0,1,0,0,0,0,"738862,903199999593198","5698833,248500000685453",12.433420969000053,51.390377227000045,1,1,1,1,Nordost
249780,14240304144200108360,14,7,13,0,2024,3,13,2,3,6,7,0,0,0,1,1,0,0,0,"735206,955000000074506","5697889,093000000342727",12.380344109000077,51.38342897600006,1,9,9,9,Nord
249786,14240201148410057250,14,7,13,0,2024,2,9,5,3,6,4,0,1,0,1,1,0,0,0,"735093,292399999685585","5694829,466299999505281",12.376690610000026,51.35601194700007,1,0,0,0,Mitte
249787,14240201148210032210,14,7,13,0,2024,2,7,5,2,6,2,0,1,0,1,1,0,0,0,"738785,500000000000000","5690608,453999999910593",12.426792133000049,51.31658540500007,1,3,3,3,Südost
249788,14240201148110056960,14,7,13,0,2024,2,12,5,3,6,2,0,0,0,1,1,0,0,0,"733770,292399999685585","5695555,294299999251962",12.358200186000033,51.36307307700008,1,9,9,9,Nord
249789,14240201144200086730,14,7,13,0,2024,2,18,5,2,2,2,2,0,1,0,0,0,0,1,"734850,692099999636412","5691918,784299999475479",12.371292982000057,51.32998485200005,1,0,0,0,Mitte
249790,14240201144200033610,14,7,13,0,2024,2,10,5,3,2,6,0,0,0,1,0,0,0,0,"734122,569299999624491","5690620,461100000888109",12.360007395000025,51.31863057000004,1,4,4,4,Süd
249802,14240131148410033180,14,7,13,0,2024,1,10,4,3,5,2,0,0,1,1,0,0,0,0,"736922,877500000409782","5691347,455399999395013",12.400603538000041,51.32399725400006,1,3,3,3,Südost
249803,14240131148310142200,14,7,13,0,2024,1,14,4,3,6,4,0,0,0,1,1,0,0,0,"732943,156999999657273","5691078,833900000900030",12.343411546000027,51.323229241000035,1,5,5,5,Südwest
249804,14240131148310033170,14,7,13,0,2024,1,16,4,3,2,2,0,0,0,1,0,0,0,0,"728684,002000000327826","5689587,812999999150634",12.28143280300003,51.311571824000055,1,6,6,6,West
249805,14240131148310025350,14,7,13,0,2024,1,5,4,3,5,3,2,1,1,1,0,0,0,0,"727245,175800000317395","5693205,937500000000000",12.263129804000073,51.34462945800004,1,7,7,7,Alt-West
249806,14240131148224025320,14,7,13,0,2024,1,14,4,3,0,2,0,0,0,1,0,0,0,1,"736542,053000000305474","5690275,415999999269843",12.394436664000068,51.31453285200007,1,0,0,0,Mitte
249808,14240131144200032580,14,7,13,0,2024,1,11,4,2,5,3,0,0,1,1,0,0,0,0,"742154,712299999780953","5693356,183700000867248",12.476915416000054,51.339823944000045,1,2,2,2,Ost
249819,14240130148410032230,14,7,13,0,2024,1,7,3,3,5,2,0,0,1,1,0,0,0,0,"735774,165799999609590","5692869,907400000840425",12.385154111000077,51.33814039500004,1,0,0,0,Mitte
249820,14240130148310025050,14,7,13,0,2024,1,8,3,3,6,7,0,0,0,1,1,0,0,0,"730776,644000000320375","5693042,765499999746680",12.313643855000066,51.34174221500007,1,7,7,7,Alt-West
249821,14240130148110073950,14,7,13,0,2024,1,15,3,3,1,5,0,0,1,1,0,0,0,0,"734605,169099999591708","5695583,120999999344349",12.370189624000034,51.362978748000046,1,9,9,9,Nord
249823,14240130144200025280,14,7,13,0,2024,1,15,3,2,5,3,0,0,0,1,0,0,0,1,"731774,756199999712408","5691005,634600000455976",12.32662442700007,51.32304929700007,1,5,5,5,Südwest
249830,14240201148410074480,14,7,13,0,2024,2,12,5,3,5,2,0,0,1,0,0,0,0,1,"737427,079199999570847","5693235,434000000357628",12.409084717000042,51.340733697000076,1,2,2,2,Ost
249842,14240129148310033000,14,7,13,0,2024,1,8,2,3,6,2,0,0,0,0,1,0,1,0,"732356,980999999679625","5691707,198400000110269",12.335423151000043,51.329109595000034,1,5,5,5,Südwest
249843,14240129148110014230,14,7,13,0,2024,1,15,2,3,5,2,0,0,1,1,0,0,0,0,"738865,139000000432134","5698831,035000000149012",12.433451556000023,51.39035641900006,1,1,1,1,Nordost
249844,14240129144200142150,14,7,13,0,2024,1,16,2,2,6,4,1,0,0,1,1,0,0,0,"738814,520100000314415","5694796,800499999895692",12.430015361000073,51.354167285000074,1,1,1,1,Nordost
249845,14240129144200014000,14,7,13,0,2024,1,15,2,3,4,2,0,0,0,1,0,0,0,0,"733224,839999999850988","5693907,313999999314547",12.349298829000077,51.34850402600006,1,0,0,0,Mitte
249866,14240127148410046390,14,7,13,0,2024,1,13,7,3,1,7,0,0,0,1,0,1,0,0,"737204,854899999685585","5693368,735099999234080",12.40598876000007,51.342022961000055,1,2,2,2,Ost
249867,14240127148110013510,14,7,13,0,2024,1,13,7,3,5,3,0,0,0,1,0,0,0,0,"740610,038499999791384","5699669,713500000536442",12.459052171000053,51.39714704000005,1,1,1,1,Nordost
249868,14240127148110013500,14,7,13,0,2024,1,16,7,3,2,6,0,0,0,1,0,0,0,0,"734794,840800000354648","5692479,342399999499321",12.370862101000057,51.33503970900006,1,0,0,0,Mitte
249869,14240127144200025290,14,7,13,0,2024,1,12,7,3,6,4,0,0,0,1,1,0,0,0,"738842,005300000309944","5689258,547499999403954",12.426697789000059,51.30444503900003,1,3,3,3,Südost
249877,14240126148410058050,14,7,13,0,2024,1,13,6,3,3,6,0,0,0,1,0,0,0,0,"735093,112499999813735","5694883,349400000646710",12.376723630000072,51.356495694000046,1,0,0,0,Mitte
249879,14240126148210056780,14,7,13,0,2024,1,19,6,3,6,3,2,1,0,1,1,0,0,0,"739488,767400000244379","5691863,656099999323487",12.437708326000063,51.32755636200005,1,2,2,2,Ost
249881,14240126148210013360,14,7,13,0,2024,1,7,6,3,4,2,0,1,1,0,0,0,0,1,"736303,985500000417233","5687728,998999999836087",12.389340877000052,51.291774393000026,1,4,4,4,Süd
249898,14240125148410013740,14,7,13,0,2024,1,11,5,3,1,3,0,0,1,1,0,0,0,0,"732838,059000000357628","5694179,262000000104308",12.343932387000052,51.35110375600004,1,0,0,0,Mitte
249899,14240210148310057240,14,7,13,0,2024,2,18,7,2,4,2,1,0,0,1,0,0,0,0,"732741,672299999743700","5692083,866100000217557",12.341181232000054,51.33233356300008,1,7,7,7,Alt-West
249900,14240125148210032980,14,7,13,0,2024,1,17,5,3,0,1,2,0,1,0,0,0,0,0,"742229,938900000415742","5693536,110400000587106",12.478115771000034,51.34140681900004,1,2,2,2,Ost
249901,14240125148110033650,14,7,13,0,2024,1,21,5,3,5,3,2,0,1,0,0,0,0,1,"737051,953099999576807","5697649,862900000065565",12.406650272000036,51.380514342000026,1,1,1,1,Nordost
249902,14240125143263013320,14,7,13,0,2024,1,17,5,3,5,3,1,0,1,1,0,0,0,0,"735241,802000000141561","5692292,209000000730157",12.377143444000069,51.33317524000006,1,0,0,0,Mitte