OID_,UIDENTSTLAE,ULAND,UREGBEZ,UKREIS,UGEMEINDE,UJAHR,UMONAT,USTUNDE,UWOCHENTAG,UKATEGORIE,UART,UTYP1,ULICHTVERH,IstStrassenzustand,IstRad,IstPKW,IstFuss,IstKrad,IstGkfz,IstSonstige,LINREFX,LINREFY,XGCSWGS84,YGCSWGS84,PLST,index_right,FID,SBZ,Name
251359,14240501148410265230,14,7,13,0,2024,5,12,4,3,5,3,0,0,1,1,0,0,0,0,"735310,822300000116229","5693742,917799999937415",12.379090886000029,51.346168731000034,1,0,0,0,Mitte
251361,14240326148110169490,14,7,13,0,2024,3,10,3,3,2,6,0,0,0,1,0,0,0,1,"731243,924300000071526","5696757,096799999475479",12.322755419000032,51.37489527400004,1,8,8,8,Nordwest
251362,14240326144200188740,14,7,13,0,2024,3,8,3,3,5,3,0,0,1,0,0,0,1,0,"733489,074400000274181","5693851,905799999833107",12.353050136000036,51.34789818300004,1,0,0,0,Mitte
251364,14240326144200180770,14,7,13,0,2024,3,20,3,2,6,4,2,0,0,1,1,0,0,0,"735003,207999999634922","5692225,557000000029802",12.373680594000064,51.33267557600004,1,0,0,0,Mitte
251366,14240326144100188710,14,7,13,0,2024,3,7,3,3,5,2,0,0,1,1,0,0,0,0,"735096,033400000073016","5694514,864199999719858",12.376522071000068,51.35318684300006,1,0,0,0,Mitte
251378,14240325148310188060,14,7,13,0,2024,3,16,2,3,5,7,0,0,1,1,0,0,0,0,"732005,485600000247359","5692359,241900000721216",12.330811238000024,51.33510631200005,1,7,7,7,Alt-West
251379,14240325148110219530,14,7,13,0,2024,3,14,2,3,5,3,0,0,0,1,0,0,0,0,"730993,430200000293553","5698541,650499999523163",12.320322813000075,51.391016800000045,1,8,8,8,Nordwest
251380,14240325148110156870,14,7,13,0,2024,3,10,2,3,0,1,0,1,1,0,0,0,0,0,"735693,616700000129640","5695782,329199999570847",12.385928328000034,51.36431642100007,1,9,9,9,Nord
251381,14240325143263169140,14,7,13,0,2024,3,16,2,3,0,6,0,0,1,0,0,0,0,1,"741822,045800000429153","5691315,604900000616908",12.470763631000068,51.32165034800005,1,2,2,2,Ost
251393,14240324148410180860,14,7,13,0,2024,3,20,1,3,5,3,2,1,1,1,0,0,0,0,"735013,500300000421703","5691985,007999999448657",12.373669426000049,51.33051206200008,1,0,0,0,Mitte
251394,14240324148110168740,14,7,30,270,2024,3,18,1,3,5,2,2,1,0,1,0,0,0,0,"729051,425999999977648","5697311,418999999761581",12.29166467500005,51.38075996300006,1,8,8,8,Nordwest
251399,14240323148410156410,14,7,13,0,2024,3,18,7,3,2,6,2,1,0,1,0,0,0,0,"735772,508700000122190","5692889,944199999794364",12.385143626000058,51.33832093700005,1,0,0,0,Mitte
251400,14240323148210209600,14,7,13,0,2024,3,17,7,3,2,6,0,1,0,1,0,0,0,0,"736662,881500000134110","5691317,708200000226498",12.396859057000029,51.32383844200007,1,0,0,0,Mitte
251401,14240323144200188730,14,7,13,0,2024,3,20,7,3,6,4,2,1,0,0,1,0,0,1,"742263,475999999791384","5694675,281999999657273",12.47937150000007,51.35161702500005,1,2,2,2,Ost
251402,14240323144200156600,14,7,13,0,2024,3,15,7,2,1,5,0,1,1,1,0,0,0,0,"737302,953300000168383","5692996,010600000619888",12.407146329000057,51.338636431000054,1,2,2,2,Ost
251411,14240322148410186700,14,7,13,0,2024,3,18,6,3,0,5,1,1,1,1,0,0,0,0,"735052,297799999825656","5693230,301500000059605",12.37504698500004,51.34167425000004,1,0,0,0,Mitte
251412,14240322148410168840,14,7,13,0,2024,3,7,6,3,0,1,0,0,0,0,0,1,0,0,"733233,547600000165403","5694153,839500000700355",12.349585174000026,51.350713410000026,1,0,0,0,Mitte
251414,14240322148210169160,14,7,13,0,2024,3,14,6,3,2,6,0,0,0,1,0,0,0,0,"734746,939000000245869","5690907,238700000569224",12.369140218000041,51.32094760200005,1,4,4,4,Süd
251416,14240322148210157220,14,7,13,0,2024,3,16,6,3,1,5,0,1,1,1,0,0,0,0,"735211,991499999538064","5689625,119300000369549",12.374956835000035,51.30924674700003,1,4,4,4,Süd
251418,14240322144200156220,14,7,13,0,2024,3,14,6,3,5,3,0,0,0,1,0,0,0,1,"737235,474600000306964","5691252,085599999874830",12.405018347000066,51.32301095200006,1,3,3,3,Südost
251424,14240411144200277040,14,7,13,0,2024,4,7,5,3,5,2,0,0,1,0,0,0,0,1,"734999,051099999807775","5692265,219900000840425",12.373647188000064,51.33303332300005,1,0,0,0,Mitte
251437,14240321148320169381,14,7,13,0,2024,3,13,5,3,0,7,0,0,0,1,0,0,0,0,"727619,882500000298023","5689725,652699999511242",12.266278184000043,51.313235795000026,1,6,6,6,West
251438,14240321148310169170,14,7,13,0,2024,3,8,5,3,5,3,0,0,1,1,0,0,0,0,"732056,480999999679625","5692938,801000000908971",12.331919590000041,51.34028807200008,1,7,7,7,Alt-West
251439,14240321148110157210,14,7,13,0,2024,3,5,5,3,2,6,2,0,0,1,0,0,0,0,"740374,513000000268221","5699642,342499999329448",12.455654301000038,51.397001180000075,1,1,1,1,Nordost
251441,14240321144200155710,14,7,13,0,2024,3,16,5,2,8,1,0,0,0,1,0,0,0,0,"737397,661999999545515","5692846,919999999925494",12.408404192000035,51.33725865700006,1,3,3,3,Südost
251457,14240320148410150820,14,7,13,0,2024,3,7,4,3,5,2,0,0,1,1,0,0,0,0,"736790,744300000369549","5693680,244799999520183",12.400261002000036,51.34499171400006,1,2,2,2,Ost
251458,14240320148320209230,14,7,13,0,2024,3,13,4,3,5,2,0,0,1,0,0,0,0,0,"733261,238099999725819","5692086,861300000920892",12.348628289000033,51.33214761600004,1,5,5,5,Südwest
251460,14240320148310169370,14,7,13,0,2024,3,14,4,3,5,3,0,0,0,1,0,0,0,0,"733063,132000000216067","5691844,608899999409914",12.345631103000073,51.33005420900008,1,5,5,5,Südwest
251467,14240319148410150810,14,7,13,0,2024,3,16,3,3,1,7,0,0,1,1,0,0,0,0,"734906,376000000163913","5692040,520300000905991",12.372171087000027,51.33105461100007,1,0,0,0,Mitte
251468,14240319148110150400,14,7,13,0,2024,3,13,3,3,4,2,0,0,1,0,0,1,0,0,"737070,753999999724329","5696295,547800000756979",12.406016708000038,51.36835013600006,1,1,1,1,Nordost
251469,14240319144200187550,14,7,13,0,2024,3,11,3,3,5,3,0,0,1,1,0,0,0,0,"736687,365699999965727","5693032,265499999746680",12.398348654000074,51.33921840600004,1,3,3,3,Südost
251488,14240318144200150770,14,7,29,260,2024,3,14,2,2,8,1,0,0,0,0,0,0,1,0,"740558,916600000113249","5685794,394899999722838",12.448950025000045,51.27262891300006,1,3,3,3,Südost
251499,14240317148110150800,14,7,13,0,2024,3,17,1,3,1,5,0,0,1,1,0,0,0,0,"728173,644999999552965","5697962,758600000292063",12.279490787000043,51.38696056500004,1,8,8,8,Nordwest
251507,14240316148410142440,14,7,13,0,2024,3,3,7,3,5,3,2,0,1,1,0,0,0,0,"735039,168800000101328","5692577,358400000259280",12.374427965000052,51.335818620000055,1,0,0,0,Mitte
251508,14240316144200168270,14,7,13,0,2024,3,19,7,3,5,3,2,0,1,0,0,1,0,0,"734489,537800000049174","5690898,577999999746680",12.365447087000064,51.32097599000008,1,4,4,4,Süd
251516,14240513148410295040,14,7,13,0,2024,5,14,2,3,6,4,0,0,0,1,1,0,0,0,"736892,747100000269711","5693769,825300000607967",12.401782568000044,51.34575330600006,1,2,2,2,Ost
251520,14240315148410156680,14,7,13,0,2024,3,13,6,3,5,3,0,0,1,1,0,0,0,0,"735528,639000000432134","5692695,961999999359250",12.381520516000023,51.33668074900004,1,0,0,0,Mitte
251521,14240315148310187810,14,7,13,0,2024,3,9,6,3,5,3,0,0,0,1,0,0,0,0,"731005,790099999867380","5693542,798000000417233",12.317252564000057,51.346137902000066,1,7,7,7,Alt-West
251522,14240315144200150760,14,7,13,0,2024,3,15,6,3,2,6,0,0,1,1,0,0,0,0,"732185,562699999660254","5692658,194099999964237",12.333586688000025,51.33771644400008,1,7,7,7,Alt-West
251523,14240315144200141270,14,7,13,0,2024,3,15,6,3,5,3,0,0,1,1,0,0,0,0,"735064,428999999538064","5699078,755599999800324",12.379086950000044,51.39416671500004,1,9,9,9,Nord
251540,14240417148310228280,14,7,13,0,2024,4,9,4,3,2,7,0,0,1,1,0,0,0,0,"732317,940000000409782","5690908,131899999454618",12.33434296300004,51.32195251400003,1,5,5,5,Südwest
251541,14240314148410156400,14,7,13,0,2024,3,15,5,3,5,7,0,0,0,1,0,0,0,1,"735463,258799999952316","5691890,548299999907613",12.380051345000027,51.32947816700005,1,0,0,0,Mitte
251542,14240314148410142450,14,7,13,0,2024,3,8,5,3,5,3,0,1,1,1,0,0,0,0,"735330,552199999801815","5692191,364800000563264",12.378348566000057,51.33223331500005,1,0,0,0,Mitte
251543,14240314148210142190,14,7,13,0,2024,3,11,5,3,5,3,0,0,1,1,0,0,0,0,"735598,464200000278652","5689730,889900000765920",12.380561660000069,51.310036367000066,1,4,4,4,Süd
251545,14240314148110136230,14,7,13,0,2024,3,9,5,3,5,3,0,1,0,1,0,1,0,0,"737267,447100000455976","5694404,814899999648333",12.407576271000039,51.35129675400003,1,1,1,1,Nordost
251546,14240314144200156390,14,7,13,0,2024,3,13,5,3,1,5,0,0,1,1,0,0,0,0,"735776,420300000347197","5693098,926100000739098",12.385338019000073,51.340195193000056,1,0,0,0,Mitte
251548,14240407148210228260,14,7,13,0,2024,4,12,1,2,5,3,0,0,0,1,0,1,0,0,"740838,722599999979138","5688373,132899999618530",12.454691965000052,51.29565677000005,1,3,3,3,Südost
251558,14240313148415142460,14,7,13,0,2024,3,15,4,3,1,5,0,0,1,1,0,0,0,0,"735442,467600000090897","5693192,357599999755621",12.38061377300005,51.341172233000066,1,0,0,0,Mitte
251559,14240313148410136270,14,7,13,0,2024,3,7,4,3,0,7,0,0,1,0,0,0,0,0,"733698,314899999648333","5692438,010999999940395",12.355121619000045,51.33512032200008,1,0,0,0,Mitte
251560,14240313144200187541,14,7,13,0,2024,3,15,4,3,3,2,0,0,1,1,0,0,0,0,"736675,507899999618530","5689792,154699999839067",12.396027545000038,51.310139519000074,1,4,4,4,Süd
251561,14240313144200141730,14,7,13,0,2024,3,15,4,3,0,3,0,0,0,1,0,0,0,1,"728559,534300000406802","5690486,835599999874830",12.280226063000043,51.31969258300006,1,6,6,6,West
251562,14240313144200141720,14,7,13,0,2024,3,8,4,2,6,7,0,0,1,0,1,0,0,0,"736459,393500000238419","5694666,553899999707937",12.396167027000047,51.35398288300007,1,1,1,1,Nordost
251563,14240313144200136200,14,7,13,0,2024,3,16,4,2,6,4,0,0,1,0,1,0,0,0,"734846,100300000049174","5689561,600400000810623",12.369674762000045,51.30882763500006,1,4,4,4,Süd
251564,14240313144200136000,14,7,13,0,2024,3,15,4,3,3,2,0,0,1,1,0,0,0,0,"736080,459599999710917","5692628,957000000402331",12.389383820000035,51.33585049700008,1,0,0,0,Mitte
251581,14240312148410141790,14,7,13,0,2024,3,9,3,3,5,3,0,0,1,0,0,0,0,1,"734821,009600000455976","5694102,497199999168515",12.372307392000039,51.34959897500005,1,0,0,0,Mitte
251583,14240312148211141750,14,7,13,0,2024,3,7,3,3,6,4,0,0,0,1,1,0,0,0,"735058,245600000023842","5690911,830800000578165",12.373602878000042,51.320860312000036,1,4,4,4,Süd
251587,14240312144200168480,14,7,13,0,2024,3,11,3,3,2,6,0,0,0,1,0,0,0,0,"730266,218000000342727","5694055,961699999868870",12.306983239000033,51.35104459300004,1,7,7,7,Alt-West
251588,14240312144200156240,14,7,13,0,2024,3,9,3,3,8,1,0,0,1,1,0,0,0,0,"734643,452700000256300","5693232,190500000491738",12.369188649000023,51.341860068000074,1,0,0,0,Mitte
251589,14240312144200135850,14,7,13,0,2024,3,7,3,2,5,3,0,0,1,0,0,0,1,0,"734735,388799999840558","5690350,893999999389052",12.36860854200006,51.31595836500003,1,4,4,4,Süd
251590,14240502144200282350,14,7,13,0,2024,5,14,5,3,0,4,0,0,1,0,1,0,0,0,"737757,093000000342727","5691460,834300000220537",12.412630066000077,51.32466696800003,1,3,3,3,Südost
251599,14240402148410187580,14,7,13,0,2024,4,16,3,3,6,4,0,0,0,1,1,0,0,0,"734987,068199999630451","5693900,769500000402331",12.37455459000006,51.34771957500004,1,0,0,0,Mitte
251603,14240311148224135880,14,7,13,0,2024,3,5,2,3,3,2,2,1,1,1,0,0,0,0,"735183,766999999992549","5688966,152000000700355",12.374118320000036,51.30334324000006,1,4,4,4,Süd
251604,14240311148210156660,14,7,13,0,2024,3,16,2,3,4,2,0,0,0,1,0,0,0,1,"735008,926599999889731","5691285,349500000476837",12.373142571000074,51.32423353900003,1,4,4,4,Süd
251605,14240311144200200380,14,7,13,0,2024,3,9,2,3,5,2,0,0,1,1,0,0,0,0,"734743,756099999882281","5690558,415200000628829",12.368864988000041,51.31781771800007,1,4,4,4,Süd
251606,14240311144200124540,14,7,13,0,2024,3,7,2,3,6,4,0,0,0,1,1,0,0,0,"738717,457200000062585","5690966,119400000199676",12.426056950000032,51.31982432600006,1,3,3,3,Südost
251607,14240323148310169990,14,7,13,0,2024,3,9,7,3,5,3,0,1,1,1,0,0,0,0,"728492,096400000154972","5694741,283700000494719",12.281989165000027,51.35791280700005,1,7,7,7,Alt-West
251618,14240310148120135870,14,7,13,0,2024,3,4,1,3,0,1,2,0,0,0,0,0,0,1,"732638,696399999782443","5696063,635700000450015",12.342306675000032,51.36810072900005,1,8,8,8,Nordwest
251622,14240309148410135900,14,7,13,0,2024,3,11,7,3,0,2,0,0,1,1,0,0,0,0,"737278,643299999646842","5693754,562200000509620",12.407303358000036,51.34545538100008,1,2,2,2,Ost
251623,14240309148110135530,14,7,13,0,2024,3,15,7,3,2,6,0,0,1,1,0,0,0,0,"734083,730399999767542","5695236,003499999642372",12.362484413000061,51.36007793400006,1,9,9,9,Nord
251624,14240309144200124280,14,7,13,0,2024,3,12,7,3,5,2,0,0,0,1,0,0,0,0,"735507,158699999563396","5689738,654999999329448",12.379259105000074,51.31014385100008,1,4,4,4,Süd
251635,14240308148410135560,14,7,13,0,2024,3,7,6,3,6,4,0,0,1,1,1,0,0,0,"734806,547799999825656","5691638,168099999427795",12.370475585000065,51.327484146000074,1,0,0,0,Mitte
251641,14240720148410475130,14,7,13,0,2024,7,17,7,3,8,1,0,0,0,1,0,0,0,0,"737171,425599999725819","5690776,861999999731779",12.403784697000049,51.31877198700005,1,0,0,0,Mitte
251642,14240720148310475460,14,7,13,0,2024,7,11,7,2,3,2,0,0,1,1,0,0,0,0,"731858,180499999783933","5689283,177799999713898",12.326699921000056,51.307553090000056,1,5,5,5,Südwest
251647,14240719148310521000,14,7,13,0,2024,7,18,6,3,1,5,0,0,0,1,0,0,0,0,"728831,070799999870360","5689913,225999999791384",12.283748158000037,51.31443402900004,1,6,6,6,West
251648,14240719148310475450,14,7,13,0,2024,7,12,6,3,5,3,0,0,1,1,0,0,0,0,"728492,086099999956787","5694741,640300000086427",12.281989246000023,51.35791601200003,1,7,7,7,Alt-West
251649,14240719144200475780,14,7,13,0,2024,7,22,6,3,6,4,2,0,0,1,1,0,0,0,"731364,257199999876320","5696702,586300000548363",12.324445882000077,51.37435693700007,1,8,8,8,Nordwest
251657,14240720144200474981,14,7,13,0,2024,7,15,7,3,2,1,0,0,0,1,0,0,0,0,"734734,227800000458956","5691605,469000000506639",12.369417877000046,51.32722046900005,1,0,0,0,Mitte
251659,14240718148210475440,14,7,13,0,2024,7,13,5,3,3,2,0,0,1,1,0,0,0,0,"736676,584400000050664","5689792,778899999335408",12.396043377000069,51.31014467400007,1,4,4,4,Süd
251660,14240718148110470510,14,7,13,0,2024,7,13,5,3,0,6,0,0,1,1,0,0,0,0,"734691,722299999557436","5695457,504000000655651",12.37134780100007,51.36181541900004,1,9,9,9,Nord
251661,14240718144200494000,14,7,13,0,2024,7,13,5,1,6,4,0,0,0,0,1,0,0,1,"731982,984600000083447","5690713,312799999490380",12.329417479000028,51.32034032100006,1,5,5,5,Südwest
251662,14240718144200474360,14,7,13,0,2024,7,11,5,3,6,2,0,0,0,1,1,0,0,0,"735618,336199999786913","5689339,974400000646710",12.38058813200007,51.30651914400005,1,4,4,4,Süd
251675,14240717148410475140,14,7,13,0,2024,7,22,4,3,1,1,2,0,0,1,0,0,0,0,"734037,620299999602139","5695111,276499999687076",12.361741240000072,51.358977321000054,1,9,9,9,Nord
251676,14240717148410470290,14,7,13,0,2024,7,8,4,3,1,5,0,0,1,1,0,0,0,0,"736257,086199999786913","5691520,433499999344349",12.391179932000057,51.32582679700005,1,0,0,0,Mitte
251677,14240717148210590030,14,7,13,0,2024,7,16,4,3,5,3,0,0,1,1,0,0,0,0,"735143,337000000290573","5689221,822000000625849",12.373707812000077,51.30565494200005,1,4,4,4,Süd
251678,14240717148210568890,14,7,13,0,2024,7,17,4,3,3,6,0,0,1,1,0,0,0,0,"732365,122800000011921","5688136,520800000056624",12.333213852000029,51.29705308900003,1,5,5,5,Südwest
251680,14240717144200547850,14,7,13,0,2024,7,20,4,3,6,7,1,0,0,1,1,0,0,0,"733398,200799999758601","5693483,412799999117851",12.351505967000037,51.34462769700008,1,0,0,0,Mitte
251681,14240717144200528880,14,7,13,0,2024,7,23,4,3,5,3,2,0,0,1,0,0,0,0,"732740,805700000375509","5692081,406799999997020",12.341167208000059,51.332311841000035,1,5,5,5,Südwest
251682,14240717144200474340,14,7,13,0,2024,7,16,4,2,5,3,0,0,1,1,0,0,0,0,"735271,439299999736249","5691395,443399999290705",12.376976121000041,51.325113292000026,1,4,4,4,Süd
251693,14240716148310474690,14,7,13,0,2024,7,18,3,3,5,4,0,0,1,0,1,0,0,0,"735088,957999999634922","5689798,683000000193715",12.373309129000063,51.31085555000004,1,4,4,4,Süd
251694,14240716144200470261,14,7,13,0,2024,7,14,3,3,5,2,0,0,0,1,0,0,0,0,"740595,053600000217557","5700205,562300000339746",12.459200375000023,51.40196289600004,1,1,1,1,Nordost
251695,14240716144200458530,14,7,13,0,2024,7,14,3,3,3,2,0,0,0,1,0,0,0,0,"733212,084499999880791","5693901,709599999710917",12.349112314000024,51.348458950000065,1,0,0,0,Mitte
251711,14240715148410487590,14,7,13,0,2024,7,8,2,3,6,4,0,0,0,0,1,0,0,1,"735906,099600000306964","5692687,849400000646710",12.386924246000035,51.33645148100004,1,0,0,0,Mitte
251712,14240715148410487130,14,7,13,0,2024,7,15,2,3,2,6,0,0,0,1,0,0,0,0,"734807,346499999985099","5692630,681800000369549",12.371141055000066,51.33639303000007,1,0,0,0,Mitte
251714,14240715148110474380,14,7,13,0,2024,7,18,2,3,3,6,0,0,1,1,0,0,0,0,"734076,943099999800324","5695155,534900000318885",12.362334152000074,51.35935840700006,1,9,9,9,Nord
251715,14240715148110458070,14,7,13,0,2024,7,7,2,3,2,2,0,0,1,0,0,1,0,0,"738697,950600000098348","5695294,796000000089407",12.428678392000052,51.35868618000006,1,1,1,1,Nordost
251717,14240715144200458000,14,7,13,0,2024,7,16,2,3,5,3,0,0,0,1,0,0,0,1,"728613,359600000083447","5691285,251499999314547",12.281509191000055,51.32683853600008,1,6,6,6,West
251733,14240714148410458600,14,7,13,0,2024,7,16,1,3,1,6,0,0,0,1,0,0,0,0,"734066,064500000327826","5692784,257500000298023",12.36061902800003,51.33807717600007,1,0,0,0,Mitte
251748,14240713148410475120,14,7,13,0,2024,7,11,7,3,0,3,0,0,0,1,0,0,0,1,"736394,914099999703467","5691425,192900000140071",12.39309139900007,51.324914645000035,1,0,0,0,Mitte
251749,14240713148410458590,14,7,13,0,2024,7,13,7,2,9,1,0,0,0,1,0,0,0,0,"733195,515700000338256","5693954,720899999141693",12.348909535000075,51.348941608000075,1,0,0,0,Mitte
251750,14240713148211528970,14,7,13,0,2024,7,5,7,3,0,1,2,1,1,0,0,0,0,0,"733699,073300000280142","5690728,553899999707937",12.354011625000055,51.31977494700004,1,4,4,4,Süd
251751,14240713148110509201,14,7,13,0,2024,7,0,7,3,2,6,2,0,0,1,0,0,0,0,"740603,603000000119209","5700102,586600000038743",12.45925324600006,51.40103501400006,1,1,1,1,Nordost
251756,14240712148410457370,14,7,13,0,2024,7,16,6,3,0,7,0,0,1,1,0,0,0,0,"733632,114599999971688","5692378,228499999269843",12.354133750000074,51.334610878000035,1,0,0,0,Mitte
251757,14240712148211475031,14,7,13,0,2024,7,14,6,3,5,3,0,0,0,1,0,1,0,0,"740846,778099999763072","5696477,894500000402331",12.460285273000068,51.36839848400007,1,2,2,2,Ost
251758,14240712148110470500,14,7,13,0,2024,7,11,6,2,4,6,0,0,1,0,0,0,0,0,"735543,919599999673665","5695781,337099999189377",12.383781181000074,51.364369596000074,1,9,9,9,Nord
251759,14240712144200458540,14,7,13,0,2024,7,15,6,3,5,2,0,0,0,1,0,0,0,0,"735481,593299999833107","5697589,933299999684095",12.384085491000064,51.38062981500008,1,9,9,9,Nord
251774,14240711148410474420,14,7,13,0,2024,7,15,5,3,2,2,0,0,0,1,0,0,0,0,"735756,202999999746680","5692867,493000000715256",12.384895093000068,51.33812616900008,1,0,0,0,Mitte
251775,14240711148320458120,14,7,13,0,2024,7,12,5,3,5,3,0,0,1,1,0,0,0,0,"730882,984100000001490","5689418,017200000584126",12.312820214000055,51.30915988000004,1,5,5,5,Südwest
251787,14240710148410474440,14,7,13,0,2024,7,16,4,3,5,3,0,0,0,1,0,0,0,1,"737521,796500000171363","5693457,439200000837445",12.410590189000061,51.342686866000065,1,2,2,2,Ost
251788,14240710148320527730,14,7,13,0,2024,7,20,4,3,2,6,1,1,1,1,0,0,0,0,"731928,093299999833107","5688921,155300000682473",12.327465930000074,51.30427479000008,1,5,5,5,Südwest
251789,14240710148220451560,14,7,13,0,2024,7,3,4,3,8,7,1,0,0,1,0,0,0,0,"741396,550099999643862","5693989,706900000572205",12.466480402000059,51.34583247900008,1,2,2,2,Ost
251790,14240710148211458090,14,7,13,0,2024,7,8,4,3,2,6,0,0,0,1,0,0,0,1,"738675,421600000001490","5693608,505799999460578",12.427224674000058,51.343559748000075,1,2,2,2,Ost
251791,14240710144200458020,14,7,13,0,2024,7,14,4,3,5,3,0,0,0,1,0,0,0,0,"730420,625599999912083","5690953,459499999880791",12.307189951000055,51.323130922000075,1,7,7,7,Alt-West
251792,14240710144200457070,14,7,13,0,2024,7,19,4,3,0,2,0,1,1,0,0,1,0,0,"737962,889600000344217","5698052,387499999254942",12.41998583700007,51.38374633900003,1,1,1,1,Nordost
251798,14240709148415451600,14,7,13,0,2024,7,11,3,3,5,3,0,0,1,1,0,0,0,0,"732560,455000000074506","5691509,437999999150634",12.338209604000042,51.327251208000064,1,5,5,5,Südwest
251799,14240709148410470570,14,7,13,0,2024,7,18,3,3,0,2,0,0,1,1,0,0,0,0,"736987,002000000327826","5692281,095000000670552",12.402142991000062,51.33235102100008,1,3,3,3,Südost
251800,14240709148320475070,14,7,13,0,2024,7,10,3,3,1,5,0,0,1,1,0,0,0,0,"730549,867200000211596","5689781,332599999383092",12.308283838000023,51.312556380000046,1,5,5,5,Südwest
251801,14240709148310528500,14,7,13,0,2024,7,14,3,3,5,3,0,0,1,1,0,0,0,0,"732569,534900000318885","5691514,707100000232458",12.338343139000074,51.32729479500006,1,5,5,5,Südwest
251802,14240710148211475020,14,7,13,0,2024,7,8,4,3,5,3,0,0,0,1,0,0,0,0,"736836,064500000327826","5689879,182399999350309",12.398384776000057,51.310853920000056,1,4,4,4,Süd
251803,14240709148210547370,14,7,13,0,2024,7,14,3,3,0,2,0,0,0,1,0,0,0,1,"737154,046000000089407","5692933,167999999597669",12.404970564000052,51.33813446800008,1,2,2,2,Ost
251804,14240709144200700020,14,7,13,0,2024,7,13,3,3,2,6,0,0,0,1,0,0,0,0,"735394,369800000451505","5690886,014399999752641",12.378400961000068,51.320489628000075,1,4,4,4,Süd
251816,14240708148410457090,14,7,13,0,2024,7,16,2,3,1,5,0,0,1,1,0,0,0,0,"734655,123200000263751","5694757,491499999538064",12.370361341000034,51.35554696000003,1,0,0,0,Mitte
251817,14240708148410443040,14,7,13,0,2024,7,11,2,3,0,1,0,0,1,0,0,0,0,0,"735053,138799999840558","5693224,910299999639392",12.375055480000071,51.34162550900004,1,0,0,0,Mitte
251818,14240708148310470280,14,7,13,0,2024,7,16,2,3,1,5,0,0,1,1,0,0,0,0,"731974,704900000244379","5692896,550200000405312",12.330720042000053,51.339942163000046,1,7,7,7,Alt-West
251819,14240708148210443151,14,7,13,0,2024,7,19,2,3,1,5,0,0,1,1,0,0,0,0,"735072,094999999739230","5690381,015000000596046",12.373451369000065,51.316089771000065,1,4,4,4,Süd
251835,14240707148210442590,14,7,13,0,2024,7,9,1,3,0,1,0,0,0,0,0,1,0,0,"741120,390999999828637","5692480,822100000455976",12.461501081000051,51.332406597000045,1,2,2,2,Ost
251840,14240706148410442630,14,7,13,0,2024,7,16,7,2,0,7,0,1,1,0,0,0,0,0,"737104,349299999885261","5691756,581000000238419",12.403475446000073,51.32759402100004,1,3,3,3,Südost
251852,14240705148410451580,14,7,13,0,2024,7,3,6,3,0,1,2,0,1,0,0,0,0,0,"735099,427899999544024","5694210,306600000709295",12.376369562000036,51.35045162900008,1,0,0,0,Mitte
251853,14240705148310474680,14,7,13,0,2024,7,19,6,3,0,7,0,1,0,0,0,1,0,1,"731831,947100000455976","5689801,937000000849366",12.32666129100005,51.312220600000046,1,5,5,5,Südwest
251854,14240705148211492550,14,7,13,0,2024,7,13,6,3,5,3,0,0,0,1,0,0,0,0,"734633,769000000320375","5690884,801000000908971",12.367504223000026,51.32079286700008,1,4,4,4,Süd
251855,14240705148210457080,14,7,13,0,2024,7,7,6,3,5,3,0,0,1,1,0,0,0,0,"737350,468200000002980","5690245,264900000765920",12.405995595000036,51.313925667000035,1,3,3,3,Südost
251856,14240705144200442250,14,7,13,0,2024,7,18,6,2,3,2,0,0,1,1,0,0,0,0,"733496,317999999970198","5695761,516000000759959",12.354407069000047,51.36503688800008,1,9,9,9,Nord
251869,14240704148410436140,14,7,13,0,2024,7,17,5,3,5,3,0,0,1,1,0,0,0,0,"734474,421000000089407","5693080,178899999707937",12.366665983000075,51.34056527400003,1,0,0,0,Mitte
251870,14240704148210436130,14,7,13,0,2024,7,17,5,3,0,1,0,1,1,0,0,0,0,0,"735032,264499999582767","5691331,578199999406934",12.37350740100004,51.32463886600004,1,4,4,4,Süd
251872,14240704144200451530,14,7,13,0,2024,7,10,5,1,3,6,0,0,1,0,0,0,1,0,"735031,895800000056624","5692447,510800000280142",12.374238079000065,51.33465606400006,1,0,0,0,Mitte