OID_,UIDENTSTLAE,ULAND,UREGBEZ,UKREIS,UGEMEINDE,UJAHR,UMONAT,USTUNDE,UWOCHENTAG,UKATEGORIE,UART,UTYP1,ULICHTVERH,IstStrassenzustand,IstRad,IstPKW,IstFuss,IstKrad,IstGkfz,IstSonstige,LINREFX,LINREFY,XGCSWGS84,YGCSWGS84,PLST,index_right,FID,SBZ,Name
251873,14240704144200441960,14,7,13,0,2024,7,21,5,2,5,3,2,0,0,1,0,1,0,0,"738441,887500000186265","5690927,394600000232458",12.422083673000031,51.319592268000065,1,3,3,3,Südost
251885,14240703148210443000,14,7,13,0,2024,7,18,4,3,5,3,0,0,1,1,0,0,0,0,"735058,902400000020862","5690888,369999999180436",12.373596821000035,51.32064944700005,1,4,4,4,Süd
251886,14240703148110442280,14,7,13,0,2024,7,18,4,3,3,7,0,0,0,1,0,0,0,1,"734965,823300000280142","5695940,560900000855327",12.375597045000063,51.36603821300008,1,9,9,9,Nord
251887,14240703144200474320,14,7,13,0,2024,7,2,4,2,1,7,2,1,0,1,0,0,0,0,"730281,781799999997020","5690127,432499999180436",12.304667254000037,51.31577185900005,1,6,6,6,West
251888,14240703144200436080,14,7,13,0,2024,7,11,4,3,2,6,0,0,0,1,0,0,0,0,"739889,061200000345707","5693963,751599999144673",12.444857354000021,51.34623758600003,1,2,2,2,Ost
251895,14240702148410435200,14,7,13,0,2024,7,21,3,3,0,1,2,1,1,0,0,0,0,0,"734814,942499999888241","5692550,616599999368191",12.371197135000045,51.33567119600008,1,0,0,0,Mitte
251896,14240702148320435720,14,7,13,0,2024,7,22,3,3,1,6,2,1,0,1,0,0,0,1,"733828,832100000232458","5692560,025100000202656",12.357072039000059,51.33616194000007,1,0,0,0,Mitte
251897,14240702144200450820,14,7,13,0,2024,7,9,3,3,6,4,0,0,1,0,1,0,0,0,"734835,523299999535084","5692208,790699999779463",12.371266756000068,51.33259433100005,1,0,0,0,Mitte
251898,14240702144200441710,14,7,13,0,2024,7,9,3,2,0,7,0,0,0,1,0,0,0,0,"736855,535500000230968","5697028,509099999442697",12.40341882100006,51.375019010000074,1,1,1,1,Nordost
251900,14240702144200441701,14,7,13,0,2024,7,20,3,3,9,7,1,0,0,1,0,0,0,0,"730680,527599999681115","5695464,703999999910593",12.31383603100005,51.36352274400008,1,7,7,7,Alt-West
251901,14240702144200435140,14,7,13,0,2024,7,22,3,3,0,1,2,1,0,0,0,0,0,1,"735422,163800000213087","5693078,111700000241399",12.380247266000026,51.34015513200006,1,0,0,0,Mitte
251916,14240701144200435620,14,7,13,0,2024,7,12,2,3,5,3,0,0,0,1,0,0,0,0,"735719,074900000356138","5697673,130799999460578",12.387547107000046,51.38127807600006,1,9,9,9,Nord
251917,14240701144200425450,14,7,13,0,2024,7,16,2,3,1,6,0,1,0,1,0,0,1,0,"736426,393699999898672","5691205,045800000429153",12.39339639000002,51.32292547700007,1,0,0,0,Mitte
251930,14240630148410425540,14,7,13,0,2024,6,17,1,3,0,3,0,1,1,1,0,0,0,0,"734264,337700000032783","5695374,735500000417233",12.365165293000075,51.36124882200005,1,9,9,9,Nord
251931,14240630148310457600,14,7,13,0,2024,6,17,1,3,5,3,0,0,1,1,0,0,0,0,"730663,929899999871850","5691594,998199999332428",12.311090955000054,51.32879141400008,1,7,7,7,Alt-West
251932,14240630148110492540,14,7,13,0,2024,6,15,1,3,6,4,0,0,0,1,1,0,0,0,"737337,819500000216067","5694688,085000000894070",12.408773919000055,51.35381001600007,1,1,1,1,Nordost
251933,14240630148110425490,14,7,13,0,2024,6,16,1,3,0,1,0,1,1,0,0,0,0,0,"739837,769000000320375","5689325,676000000908971",12.44100166000004,51.304628999000045,1,3,3,3,Südost
251943,14240629144200458030,14,7,13,0,2024,6,12,7,3,2,6,0,0,0,1,0,0,0,0,"734835,339599999599159","5692209,965299999341369",12.37126489800005,51.332604950000075,1,0,0,0,Mitte
251944,14240629144200435160,14,7,13,0,2024,6,18,7,3,2,2,0,0,0,1,0,1,0,0,"734001,866700000129640","5695594,216900000348687",12.361546301000033,51.363327138000045,1,9,9,9,Nord
251960,14240628148410424230,14,7,13,0,2024,6,7,6,3,0,1,0,0,1,0,0,0,0,0,"734160,182199999690056","5692131,418700000271201",12.361538744000029,51.33217822700004,1,0,0,0,Mitte
251961,14240628148310424571,14,7,13,0,2024,6,18,6,3,2,6,0,0,0,1,0,0,0,0,"729770,995500000193715","5691143,389100000262260",12.298004938000076,51.325098652000065,1,6,6,6,West
251962,14240628148310424560,14,7,13,0,2024,6,15,6,3,0,1,0,0,1,0,0,0,0,0,"727267,110500000417233","5688203,385900000110269",12.260255307000023,51.299710686000026,1,6,6,6,West
251963,14240628148220495400,14,7,13,0,2024,6,18,6,3,1,5,0,0,1,1,0,0,0,0,"735629,713499999605119","5689347,400399999693036",12.380755969000063,51.30658109400008,1,4,4,4,Süd
251965,14240628148110457590,14,7,13,0,2024,6,21,6,3,0,1,1,0,1,0,0,0,0,0,"730906,303999999538064","5698049,787100000306964",12.318752928000038,51.386636890000034,1,8,8,8,Nordwest
251966,14240628145200451070,14,7,13,0,2024,6,19,6,3,3,6,0,0,0,1,0,0,0,0,"736590,946000000461936","5691287,843000000342727",12.395808683000041,51.323600283000076,1,0,0,0,Mitte
251981,14240717148110589050,14,7,13,0,2024,7,9,4,3,1,7,0,0,0,1,0,0,0,0,"741011,500400000251830","5694722,227399999275804",12.461457824000036,51.35257060500004,1,2,2,2,Ost
251985,14240627148210425530,14,7,13,0,2024,6,20,5,3,1,6,0,1,1,1,0,0,0,0,"735053,526100000366569","5691079,643100000917912",12.373645901000032,51.32236861200005,1,4,4,4,Süd
251986,14240627148110458580,14,7,13,0,2024,6,0,5,3,9,1,2,0,0,1,0,0,0,0,"735917,416100000031292","5700127,203999999910593",12.392022548000057,51.40322379000003,1,9,9,9,Nord
251987,14240627148110442570,14,7,13,0,2024,6,17,5,3,5,3,0,0,1,1,0,0,0,0,"735320,335199999623001","5697891,114099999889731",12.381971875000033,51.38340013700008,1,9,9,9,Nord
251989,14240627144200424170,14,7,13,0,2024,6,10,5,3,5,3,0,0,0,1,0,0,0,0,"736729,416199999861419","5691324,540200000628829",12.397816775000024,51.323872089000076,1,3,3,3,Südost
251994,14240626148210424860,14,7,13,0,2024,6,12,4,3,1,5,0,0,1,0,0,0,0,1,"735170,591099999845028","5688919,429899999871850",12.37389885600004,51.30292928400007,1,4,4,4,Süd
251995,14240626148210417890,14,7,13,0,2024,6,13,4,3,5,3,0,0,0,1,0,0,0,0,"734734,660600000061095","5691173,157700000330806",12.369139399000062,51.32333967500006,1,4,4,4,Süd
251996,14240626144200424840,14,7,13,0,2024,6,17,4,2,5,3,0,0,1,0,0,0,0,0,"731439,635099999606609","5690431,362700000405312",12.321450417000051,51.31803054000005,1,5,5,5,Südwest
252012,14240625148422567660,14,7,13,0,2024,6,16,3,2,6,4,0,0,1,0,1,0,0,0,"735008,892300000414252","5692134,497700000181794",12.37370198800005,51.331855844000074,1,0,0,0,Mitte
252013,14240625148310457350,14,7,13,0,2024,6,13,3,3,5,3,0,0,1,1,0,0,0,0,"730661,690299999900162","5690360,883500000461936",12.31026037600003,51.31771370100006,1,6,6,6,West
252014,14240625148310424890,14,7,13,0,2024,6,22,3,3,5,3,2,0,1,1,0,0,0,0,"731708,520700000226498","5693083,758199999108911",12.327026858000067,51.34173121900005,1,7,7,7,Alt-West
252016,14240625148210442581,14,7,13,0,2024,6,6,3,2,1,5,0,0,1,1,0,0,0,0,"737336,143799999728799","5692471,949699999764562",12.407272829000021,51.33391857400005,1,2,2,2,Ost
252017,14240625148110436120,14,7,13,0,2024,6,17,3,3,1,7,0,0,1,1,0,0,0,0,"735410,122200000099838","5695526,293600000441074",12.38169387000005,51.362135712000054,1,9,9,9,Nord
252019,14240625148110416860,14,7,13,0,2024,6,11,3,3,2,6,0,0,1,1,0,0,0,0,"732342,369500000029802","5696214,075600000098348",12.338155430000029,51.36957245200006,1,8,8,8,Nordwest
252020,14240625144200542130,14,7,13,0,2024,6,11,3,3,5,2,0,0,1,1,0,0,0,0,"740031,459999999962747","5694417,543999999761581",12.447204222000039,51.35025057800004,1,2,2,2,Ost
252023,14240703148310442290,14,7,13,0,2024,7,15,4,3,5,3,0,0,1,1,0,0,0,0,"731973,565499999560416","5693978,727600000798702",12.331408746000022,51.34965707400005,1,7,7,7,Alt-West
252034,14240624148410403490,14,7,13,0,2024,6,10,2,3,1,2,0,0,0,1,0,0,0,0,"735021,678199999965727","5692404,772700000554323",12.374063471000056,51.334276653000074,1,0,0,0,Mitte
252035,14240624148313403480,14,7,13,0,2024,6,14,2,3,0,1,0,0,1,0,0,0,0,0,"729226,733699999749660","5694938,406500000506639",12.292649592000032,51.359386536000045,1,7,7,7,Alt-West
252037,14240624144200441690,14,7,13,0,2024,6,12,2,3,3,2,0,0,1,1,0,0,0,0,"735461,422299999743700","5691816,605499999597669",12.379976179000039,51.328815192000036,1,0,0,0,Mitte
252039,14240624144200416840,14,7,13,0,2024,6,9,2,3,5,2,0,0,1,1,0,0,0,0,"735559,162499999627471","5692147,249700000509620",12.381595144000073,51.33174269600005,1,0,0,0,Mitte
252040,14240624144200402770,14,7,13,0,2024,6,15,2,3,5,7,0,0,0,1,0,0,0,0,"734820,132000000216067","5689308,986300000920892",12.369136609000066,51.30657076500006,1,4,4,4,Süd
252047,14240623148310417110,14,7,13,0,2024,6,14,1,3,1,7,0,0,0,1,0,0,0,0,"727743,273400000296533","5690590,146500000730157",12.268597787000033,51.32094731600006,1,6,6,6,West
252056,14240622148410402470,14,7,13,0,2024,6,10,7,3,3,6,0,1,0,1,0,0,0,1,"737249,053600000217557","5692227,836899999529123",12.405862366000065,51.331763730000034,1,3,3,3,Südost
252058,14240622148410401950,14,7,13,0,2024,6,8,7,2,8,1,0,1,0,1,0,0,0,0,"737391,841400000266731","5692865,528400000184774",12.408333183000025,51.33742811600007,1,3,3,3,Südost
252059,14240622148310424900,14,7,13,0,2024,6,2,7,2,0,1,2,0,0,0,0,0,0,1,"732051,513899999670684","5690732,547399999573827",12.330411745000049,51.320485044000065,1,5,5,5,Südwest
252061,14240622148210494460,14,7,13,0,2024,6,18,7,3,5,3,0,0,0,1,0,1,0,0,"738404,405500000342727","5690913,979599999263883",12.421537798000031,51.31948755900004,1,3,3,3,Südost
252062,14240622148210417100,14,7,13,0,2024,6,14,7,3,4,2,0,0,0,1,0,0,0,0,"734783,292999999597669","5691408,055999999865890",12.369990828000027,51.32542815800008,1,0,0,0,Mitte
252078,14240621148410416880,14,7,13,0,2024,6,20,6,3,0,7,0,0,1,1,0,0,0,0,"736039,846400000154972","5692571,922399999573827",12.388764046000063,51.33535539800005,1,0,0,0,Mitte
252080,14240621148110403440,14,7,13,0,2024,6,22,6,3,0,7,2,1,0,0,0,0,0,1,"739143,179999999701977","5699356,621799999848008",12.437794363000023,51.39495685800006,1,1,1,1,Nordost
252081,14240621144200458050,14,7,13,0,2024,6,15,6,3,5,3,0,1,1,1,0,0,0,0,"735404,445199999958277","5691392,581199999898672",12.378879773000051,51.32503258400004,1,0,0,0,Mitte
252082,14240621144200417050,14,7,13,0,2024,6,16,6,3,6,4,0,1,1,0,1,0,0,0,"735011,271599999628961","5695131,446599999442697",12.375714182000024,51.35875654500006,1,9,9,9,Nord
252083,14240621144200416850,14,7,13,0,2024,6,8,6,3,2,6,0,0,0,1,0,0,0,1,"734185,413499999791384","5692885,857200000435114",12.36239622000005,51.33894004800004,1,0,0,0,Mitte
252085,14240621144200401890,14,7,13,0,2024,6,16,6,3,6,4,0,1,0,1,1,0,0,0,"735333,906799999997020","5692188,367100000381470",12.378394654000033,51.33220501900007,1,0,0,0,Mitte
252097,14240620148220401590,14,7,13,0,2024,6,8,5,3,6,6,0,0,0,1,1,0,0,0,"738320,861600000411272","5691478,109300000593066",12.420718166000029,51.32458616200006,1,3,3,3,Südost
252098,14240620144200436100,14,7,13,0,2024,6,15,5,2,4,2,0,0,1,1,0,0,0,0,"737234,976999999955297","5691250,979000000283122",12.405010482000023,51.32300122700008,1,3,3,3,Südost
252112,14240619148310417900,14,7,13,0,2024,6,14,4,3,5,2,0,1,0,1,0,0,0,1,"731152,135599999688566","5690257,978399999439716",12.317219482000041,51.316590932000054,1,5,5,5,Südwest
252113,14240619148110394810,14,7,13,0,2024,6,7,4,3,5,3,0,0,1,1,0,0,0,0,"738995,369900000281632","5697612,358400000259280",12.434500025000034,51.379363083000044,1,1,1,1,Nordost
252114,14240619144200402380,14,7,13,0,2024,6,10,4,3,5,7,0,0,1,1,0,0,0,0,"738663,172899999655783","5689240,166400000452995",12.424124684000049,51.304355040000075,1,3,3,3,Südost
252115,14240619144200394780,14,7,13,0,2024,6,16,4,3,4,2,0,1,1,0,0,0,0,1,"737092,197200000286102","5691692,105799999088049",12.403258453000035,51.327020348000076,1,3,3,3,Südost
252132,14240618148410424250,14,7,13,0,2024,6,8,3,3,4,2,0,0,1,1,0,0,0,0,"736168,494199999608099","5692948,079900000244379",12.390856920000033,51.338678465000044,1,0,0,0,Mitte
252133,14240618148410424210,14,7,13,0,2024,6,15,3,3,5,3,0,0,1,1,0,0,0,0,"735882,598399999551475","5694517,807600000873208",12.387799743000073,51.35288737800005,1,9,9,9,Nord
252134,14240618148410417920,14,7,13,0,2024,6,14,3,3,4,2,0,0,0,0,0,1,0,1,"733821,226200000382960","5692556,557600000873208",12.356960767000032,51.33613394100007,1,0,0,0,Mitte
252135,14240618148310451570,14,7,13,0,2024,6,9,3,3,5,3,0,0,1,1,0,0,0,0,"732053,408999999985099","5692045,182000000029802",12.331293459000051,51.33226751600006,1,7,7,7,Alt-West
252136,14240618148210402860,14,7,13,0,2024,6,17,3,3,5,3,0,1,0,1,0,0,0,0,"738857,714999999850988","5694361,700099999085069",12.430342567000025,51.35024374800008,1,2,2,2,Ost
252137,14240618148210402430,14,7,13,0,2024,6,15,3,3,1,3,0,0,1,1,0,0,0,0,"736169,947100000455976","5691064,780300000682473",12.389629650000074,51.32177291900007,1,0,0,0,Mitte
252138,14240618148120401930,14,7,13,0,2024,6,15,3,3,6,3,0,1,1,0,1,0,0,0,"733601,549300000071526","5696692,673800000920892",12.356527793000055,51.373352159000035,1,9,9,9,Nord
252140,14240618144200395300,14,7,13,0,2024,6,15,3,3,6,4,0,0,1,0,1,0,0,0,"736726,748499999754131","5694666,809000000357628",12.39999984900004,51.35387388200007,1,1,1,1,Nordost
252141,14240618144200394800,14,7,13,0,2024,6,23,3,2,0,1,2,1,1,0,0,0,0,0,"734499,656200000084937","5695126,771800000220537",12.368375882000066,51.35892593600005,1,9,9,9,Nord
252142,14240618144200394770,14,7,13,0,2024,6,16,3,3,6,4,0,0,0,1,1,0,0,0,"735096,002500000409782","5694518,513199999928474",12.37652403800007,51.35321961000005,1,0,0,0,Mitte
252163,14240617148310458100,14,7,13,0,2024,6,18,2,3,6,4,0,0,0,0,1,0,0,1,"730206,515300000086427","5694101,302899999544024",12.306156673000032,51.35147580200004,1,7,7,7,Alt-West
252164,14240617148210395310,14,7,13,0,2024,6,15,2,3,5,3,0,0,1,1,0,0,0,0,"735670,013000000268221","5689236,347999999299645",12.381259757000066,51.305567567000026,1,4,4,4,Süd
252165,14240617144200402780,14,7,13,0,2024,6,16,2,2,5,7,0,0,1,1,0,0,0,0,"736908,768299999646842","5697130,085599999874830",12.404249985000035,51.37590856200006,1,1,1,1,Nordost
252166,14240617144200394790,14,7,13,0,2024,6,19,2,3,9,1,1,0,0,0,0,0,0,1,"739519,050699999555945","5688262,546099999919534",12.435724482000069,51.295220665000045,1,3,3,3,Südost
252177,14240621148110402820,14,7,13,0,2024,6,15,6,3,2,6,0,0,0,1,0,0,0,0,"731176,383500000461936","5696496,273000000044703",12.321617049000054,51.37258140700004,1,8,8,8,Nordwest
252181,14240616148410380490,14,7,13,0,2024,6,18,1,3,5,2,0,1,1,1,0,0,0,0,"735173,187800000421703","5693565,280700000002980",12.37700079700005,51.344631151000044,1,0,0,0,Mitte
252182,14240616148310394820,14,7,13,0,2024,6,18,1,2,5,2,0,0,1,1,0,0,0,0,"729301,601700000464916","5691013,360500000417233",12.291195824000056,51.32412074200005,1,6,6,6,West
252196,14240615148210401580,14,7,13,0,2024,6,7,7,3,5,3,0,1,0,1,0,0,0,0,"739635,100800000131130","5692344,103800000622869",12.440127843000027,51.33180713100006,1,2,2,2,Ost
252198,14240615144200424130,14,7,13,0,2024,6,10,7,3,0,7,0,0,1,0,0,0,0,0,"731920,733099999837577","5688959,393400000408292",12.327385373000027,51.30462104600008,1,5,5,5,Südwest
252214,14240614148210380981,14,7,13,0,2024,6,17,6,3,1,5,0,0,0,1,0,0,0,0,"738205,474399999715388","5692456,875499999150634",12.419719315000066,51.333419855000045,1,2,2,2,Ost
252215,14240614148110402410,14,7,13,0,2024,6,10,6,3,0,6,0,0,0,1,0,0,0,1,"736232,942699999548495","5697156,537399999797344",12.394574652000074,51.376427516000035,1,9,9,9,Nord
252216,14240614144310380960,14,7,13,0,2024,6,16,6,3,2,6,0,0,0,1,0,0,0,0,"742363,127799999900162","5694042,789499999955297",12.480369255000028,51.345897699000034,1,2,2,2,Ost
252217,14240614144200403430,14,7,13,0,2024,6,14,6,2,8,1,0,0,0,1,0,1,0,0,"729301,855000000447035","5688062,628299999982119",12.289302888000066,51.29763138100003,1,5,5,5,Südwest
252228,14240703148210456510,14,7,13,0,2024,7,10,4,3,5,7,0,0,0,1,1,0,0,0,"732918,266599999740720","5691018,945299999788404",12.34301582200004,51.32270183000003,1,5,5,5,Südwest
252231,14240613148410401940,14,7,13,0,2024,6,16,5,3,3,2,0,0,1,1,0,0,0,0,"737183,832000000402331","5694051,299699999392033",12.406142142000022,51.34815847700003,1,2,2,2,Ost
252232,14240613148310442620,14,7,13,0,2024,6,0,5,3,5,3,2,0,1,1,0,0,0,0,"730419,760999999940395","5690955,813799999654293",12.30717908500003,51.323152407000066,1,7,7,7,Alt-West
252233,14240613148210380470,14,7,13,0,2024,6,18,5,3,5,3,0,0,0,1,0,0,0,0,"737886,307799999602139","5690614,649299999698997",12.413916662000076,51.31701757700006,1,3,3,3,Südost
252235,14240613148110379280,14,7,13,0,2024,6,7,5,3,2,1,0,0,0,1,0,1,0,0,"732643,403400000184774","5696542,434699999168515",12.342687470000044,51.37239679600003,1,8,8,8,Nordwest
252236,14240613144200395270,14,7,13,0,2024,6,15,5,3,6,4,0,0,1,0,1,0,0,0,"736735,150399999693036","5692343,539899999275804",12.39857577500004,51.33301641300005,1,3,3,3,Südost
252237,14240613144200380430,14,7,13,0,2024,6,15,5,3,2,6,0,0,0,1,0,0,0,0,"730301,039400000125170","5689872,380799999460578",12.30477843600005,51.31347445700004,1,5,5,5,Südwest
252238,14240620148211442610,14,7,13,0,2024,6,21,5,2,0,7,1,0,0,0,1,0,0,1,"735081,663800000213087","5689779,885099999606609",12.37319227200004,51.310689825000054,1,4,4,4,Süd
252239,14240613143263380911,14,7,13,0,2024,6,16,5,3,1,5,0,0,1,1,0,0,0,0,"736738,756199999712408","5692256,796299999579787",12.398569809000037,51.33223628800005,1,3,3,3,Südost
252255,14240612148410381000,14,7,13,0,2024,6,7,4,3,5,3,0,0,1,1,0,0,0,0,"737191,253200000151992","5693907,090800000354648",12.40615243700006,51.34686095300003,1,2,2,2,Ost
252257,14240612148410373620,14,7,13,0,2024,6,19,4,3,5,3,0,0,1,1,0,0,0,0,"735462,008000000379980","5691821,260999999940395",12.379987646000075,51.32885673900006,1,0,0,0,Mitte
252259,14240612144200380940,14,7,13,0,2024,6,0,4,2,5,3,2,0,1,1,0,0,0,0,"740610,025299999862909","5699669,773399999365211",12.459052023000027,51.39714758300005,1,1,1,1,Nordost
252289,14240611148410441730,14,7,13,0,2024,6,15,3,3,5,3,0,0,1,1,0,0,0,0,"736167,971900000236928","5691434,314999999478459",12.389846153000065,51.325090775000035,1,0,0,0,Mitte
252290,14240611148310403460,14,7,13,0,2024,6,19,3,3,5,3,0,0,1,1,0,0,0,0,"730160,794800000265241","5694139,908800000324845",12.305526188000044,51.35184088200003,1,7,7,7,Alt-West
252291,14240611144200441680,14,7,13,0,2024,6,13,3,3,0,7,0,0,0,0,0,0,0,1,"732167,933600000105798","5690986,809299999848008",12.332245141000044,51.32272001100006,1,5,5,5,Südwest
252293,14240611144200374110,14,7,13,0,2024,6,18,3,3,5,3,0,0,0,1,0,0,0,1,"735620,444000000134110","5691063,725500000640750",12.381756972000062,51.321991257000036,1,4,4,4,Süd
252294,14240611144200374100,14,7,13,0,2024,6,8,3,2,5,3,0,0,1,0,0,0,0,0,"734517,093399999663234","5692537,414100000634789",12.366920208000067,51.33567558100003,1,0,0,0,Mitte
252307,14240610148410394430,14,7,13,0,2024,6,11,2,3,4,2,0,0,0,1,0,0,0,1,"735473,849899999797344","5693363,660900000482798",12.381176802000027,51.34269690800005,1,0,0,0,Mitte
252308,14240610148410360690,14,7,13,0,2024,6,7,2,3,4,2,0,0,1,1,0,0,0,0,"736682,381099999882281","5693035,538200000301003",12.398279395000031,51.33924985700003,1,2,2,2,Ost
252309,14240610148310424880,14,7,13,0,2024,6,16,2,3,3,6,0,0,1,1,0,0,0,0,"730113,172399999573827","5693166,845300000160933",12.304214502000036,51.34312497600007,1,7,7,7,Alt-West
252310,14240610148310424550,14,7,13,0,2024,6,12,2,3,3,7,0,0,1,0,0,0,0,0,"731441,059700000099838","5692084,393899999558926",12.322544103000041,51.332869009000035,1,7,7,7,Alt-West
252311,14240610148310374191,14,7,13,0,2024,6,1,2,3,2,6,2,0,1,0,0,0,0,0,"733756,061599999666214","5691944,774399999529123",12.355625554000028,51.330669027000056,1,0,0,0,Mitte
252327,14240609148211360220,14,7,13,0,2024,6,6,1,3,9,1,0,0,0,1,0,0,0,0,"739545,800900000147521","5687701,499900000169873",12.435731142000066,51.29017353900008,1,3,3,3,Südost
252328,14240609148210379320,14,7,13,0,2024,6,15,1,3,1,5,0,0,1,1,0,0,0,0,"738023,670599999837577","5692033,394200000911951",12.416831423000076,51.32969480300005,1,3,3,3,Südost
252330,14240609148110360210,14,7,13,0,2024,6,0,1,3,1,5,2,0,1,1,0,0,0,0,"733713,938400000333786","5696295,342700000852346",12.35787848800004,51.36973929200008,1,9,9,9,Nord
252338,14240608148310424540,14,7,13,0,2024,6,11,7,3,5,3,0,0,1,1,0,0,0,0,"731482,290699999779463","5688730,552899999544024",12.320957934000035,51.30274519200003,1,5,5,5,Südwest
252339,14240608148210381480,14,7,13,0,2024,6,11,7,3,5,3,0,0,1,1,0,0,0,0,"735183,766999999992549","5688966,152000000700355",12.374118320000036,51.30334324000006,1,4,4,4,Süd
252340,14240608144200360180,14,7,13,0,2024,6,12,7,3,5,3,0,0,0,1,0,0,0,0,"732575,590099999681115","5692083,290200000628829",12.338800969000033,51.332396327000026,1,7,7,7,Alt-West
252348,14240708144200520500,14,7,13,0,2024,7,16,2,2,5,3,0,0,0,1,0,1,0,0,"733181,052799999713898","5695858,433599999174476",12.349949835000075,51.36603635600005,1,8,8,8,Nordwest
252359,14240607148410395320,14,7,13,0,2024,6,18,6,3,5,2,0,0,1,1,0,0,0,0,"734776,021499999798834","5693530,970499999821186",12.371285621000027,51.34448731400005,1,0,0,0,Mitte
252360,14240607148410374210,14,7,13,0,2024,6,20,6,3,1,1,0,0,0,1,0,1,0,0,"735292,268000000156462","5692384,488199999555945",12.377927524000029,51.33398269600008,1,0,0,0,Mitte
252369,14240623148410435740,14,7,13,0,2024,6,15,1,3,1,5,0,0,1,1,0,0,0,0,"734451,500400000251830","5693711,066199999302626",12.366752864000034,51.34623784400003,1,0,0,0,Mitte
252376,14240606148410373630,14,7,13,0,2024,6,14,5,3,2,6,0,0,0,1,0,0,0,0,"734247,154799999669194","5692008,114499999210238",12.362703933000034,51.33103557700008,1,0,0,0,Mitte
252377,14240606148310380070,14,7,13,0,2024,6,11,5,3,4,2,0,0,1,1,0,0,0,0,"732890,108099999837577","5690897,424000000581145",12.342533029000037,51.32162249700008,1,5,5,5,Südwest
252378,14240606148110380440,14,7,13,0,2024,6,10,5,3,0,1,0,0,0,0,0,1,0,0,"736097,028300000354648","5697139,854499999433756",12.392614211000023,51.37633428700008,1,9,9,9,Nord
252397,14240605148410402460,14,7,13,0,2024,6,18,4,3,3,6,0,1,1,0,0,0,0,0,"735057,773799999617040","5690927,228599999099970",12.373606271000028,51.32099872400005,1,4,4,4,Süd
252398,14240605148410394830,14,7,13,0,2024,6,17,4,3,6,7,0,0,0,1,1,0,0,0,"734997,923999999649823","5693165,979299999773502",12.374225258000024,51.34111934500004,1,0,0,0,Mitte
252399,14240605148310402450,14,7,13,0,2024,6,15,4,3,5,3,0,0,0,1,0,0,0,1,"732004,577399999834597","5691399,349400000646710",12.330173277000029,51.32648993200007,1,5,5,5,Südwest
252400,14240605148310374200,14,7,13,0,2024,6,15,4,3,1,5,0,0,1,1,0,0,0,0,"732225,323200000450015","5692118,457299999892712",12.333804684000029,51.33285512800006,1,7,7,7,Alt-West
252401,14240605148210359830,14,7,13,0,2024,6,14,4,3,5,3,0,0,0,1,0,0,0,0,"740316,092000000178814","5694133,359699999913573",12.451092156000072,51.34757958400007,1,2,2,2,Ost
252402,14240605148110424190,14,7,13,0,2024,6,17,4,3,5,3,0,0,1,1,0,0,0,0,"731737,346499999985099","5690369,548499999567866",12.325675062000073,51.31735448900008,1,5,5,5,Südwest
252403,14240605148110345100,14,7,13,0,2024,6,11,4,3,1,7,0,0,0,1,0,0,0,0,"732590,253999999724329","5696360,452999999746680",12.341806141000063,51.37078498200003,1,8,8,8,Nordwest
252404,14240605148110345090,14,7,13,0,2024,6,21,4,3,5,3,1,1,1,1,0,0,0,0,"730726,824400000274181","5696213,073999999091029",12.314985469000021,51.370221969000056,1,8,8,8,Nordwest
252405,14240605144200425470,14,7,13,0,2024,6,11,4,2,5,3,0,0,1,1,0,0,0,0,"736969,370000000111759","5696114,251499999314547",12.404442064000023,51.36676511300004,1,1,1,1,Nordost
252406,14240617148410381010,14,7,13,0,2024,6,7,2,3,0,1,0,0,1,0,0,0,0,0,"736968,370099999941885","5693492,811000000685453",12.402682106000043,51.34323528400006,1,2,2,2,Ost
252407,14240605144200379650,14,7,13,0,2024,6,18,4,2,6,4,0,0,0,1,1,0,0,0,"741401,572300000116229","5686847,066899999976158",12.461718656000073,51.281721094000034,1,3,3,3,Südost
252409,14240715148410474430,14,7,13,0,2024,7,0,2,3,0,1,2,0,1,0,0,0,0,0,"737358,678500000387430","5693122,212200000882149",12.408029000000056,51.339745968000045,1,2,2,2,Ost
252424,14240604148421344450,14,7,13,0,2024,6,14,3,3,2,6,0,0,1,1,0,0,0,0,"735372,371000000275671","5693314,234999999403954",12.379689718000066,51.34229526300004,1,0,0,0,Mitte