OID_,UIDENTSTLAE,ULAND,UREGBEZ,UKREIS,UGEMEINDE,UJAHR,UMONAT,USTUNDE,UWOCHENTAG,UKATEGORIE,UART,UTYP1,ULICHTVERH,IstStrassenzustand,IstRad,IstPKW,IstFuss,IstKrad,IstGkfz,IstSonstige,LINREFX,LINREFY,XGCSWGS84,YGCSWGS84,PLST,index_right,FID,SBZ,Name
252425,14240604148410424580,14,7,13,0,2024,6,7,3,3,5,3,0,0,1,1,0,0,0,0,"735779,952700000256300","5692870,202600000426173",12.385237236000023,51.33814064500007,1,0,0,0,Mitte
252426,14240604148310394420,14,7,13,0,2024,6,19,3,3,1,5,0,0,1,1,0,0,0,0,"732315,660199999809265","5692057,588400000706315",12.335059509000075,51.33227183300005,1,7,7,7,Alt-West
252427,14240604148310379710,14,7,13,0,2024,6,18,3,3,6,7,0,0,0,1,1,0,0,0,"730788,434600000269711","5686161,835899999365211",12.309361528000068,51.27996740000003,1,5,5,5,Südwest
252428,14240614148421381031,14,7,13,0,2024,6,16,6,3,5,2,0,0,1,1,0,0,0,0,"735018,864400000311434","5689281,497199999168515",12.371964567000077,51.30624200800003,1,4,4,4,Süd
252429,14240604148310345620,14,7,13,0,2024,6,17,3,3,3,1,0,0,1,1,0,0,0,0,"732629,243200000375509","5692640,538699999451637",12.339933658000064,51.337376636000045,1,7,7,7,Alt-West
252430,14240604148310344430,14,7,13,0,2024,6,10,3,3,0,1,0,0,1,0,0,0,0,0,"731634,552400000393391","5690702,428300000727177",12.324418755000067,51.32038455400004,1,5,5,5,Südwest
252431,14240604148210380050,14,7,13,0,2024,6,14,3,3,5,3,0,0,1,1,0,0,0,0,"738017,052699999883771","5692048,881999999284744",12.416746948000025,51.32983659100006,1,2,2,2,Ost
252433,14240604148110379300,14,7,13,0,2024,6,6,3,3,0,7,0,0,1,0,0,0,0,0,"735589,942099999636412","5697085,412200000137091",12.38530518600004,51.37605618600003,1,9,9,9,Nord
252434,14240604148110344380,14,7,13,0,2024,6,8,3,3,6,7,0,0,0,0,1,1,1,0,"734815,316899999976158","5695514,339999999850988",12.373157453000033,51.36227453600003,1,9,9,9,Nord
252435,14240604144200395260,14,7,13,0,2024,6,7,3,3,5,3,0,0,1,1,0,0,0,0,"742546,992100000381470","5692747,582699999213219",12.482122333000063,51.334194352000054,1,2,2,2,Ost
252436,14240604144200380920,14,7,13,0,2024,6,15,3,2,5,3,0,0,1,1,0,0,0,0,"728194,403300000354648","5695102,674200000241399",12.277952522000021,51.36127670800005,1,7,7,7,Alt-West
252437,14240604144200344350,14,7,13,0,2024,6,11,3,3,2,6,0,0,0,1,0,0,0,0,"735776,692900000140071","5695215,039400000125170",12.386743539000065,51.35918983400006,1,9,9,9,Nord
252450,14240715144200470250,14,7,13,0,2024,7,15,2,3,5,2,0,0,0,1,0,1,0,0,"735100,486299999989569","5689495,430999999865890",12.37327441900004,51.30812867000003,1,4,4,4,Süd
252457,14240709148310568910,14,7,13,0,2024,7,16,3,3,5,2,0,0,1,1,0,0,0,0,"732312,651700000278652","5691314,393699999898672",12.334531945000037,51.32560158900003,1,5,5,5,Südwest
252460,14240713148110457330,14,7,13,0,2024,7,16,7,3,5,2,0,0,1,1,0,0,0,0,"731386,286500000394881","5696692,843299999833107",12.324755504000052,51.37426050200003,1,8,8,8,Nordwest
252462,14240603148310425900,14,7,13,0,2024,6,20,2,3,0,7,0,0,0,0,1,0,0,1,"729088,620500000193715","5690877,222500000149012",12.28805679900006,51.32298440400007,1,6,6,6,West
252463,14240603148310345630,14,7,13,0,2024,6,14,2,3,3,6,0,0,0,1,0,0,0,0,"730300,223199999891222","5691385,164699999615550",12.305743834000054,51.32705509600004,1,6,6,6,West
252465,14240603144200435630,14,7,13,0,2024,6,7,2,2,6,4,0,0,0,1,1,0,0,0,"731766,037999999709427","5688039,743000000715256",12.324572871000044,51.29642844400007,1,5,5,5,Südwest
252466,14240603144200374150,14,7,13,0,2024,6,15,2,3,6,4,0,0,0,1,1,0,0,0,"739946,257299999706447","5693279,483699999749660",12.44521604700003,51.34007166600003,1,2,2,2,Ost
252477,14240602148410360700,14,7,13,0,2024,6,1,1,3,8,1,2,1,0,0,0,1,0,0,"733787,904000000096858","5694160,419999999925494",12.357536229000061,51.35054475000004,1,0,0,0,Mitte
252478,14240602148410343810,14,7,13,0,2024,6,18,1,3,5,3,0,0,0,1,0,1,0,0,"731831,464900000020862","5691413,261800000444055",12.327701985000033,51.32668539100007,1,5,5,5,Südwest
252483,14240601148110359270,14,7,13,0,2024,6,22,7,3,0,1,2,1,0,0,0,1,0,0,"734541,447800000198185","5699626,160700000822544",12.371944670000062,51.39929675500008,1,9,9,9,Nord
252496,14240531148410360240,14,7,13,0,2024,5,18,6,3,1,7,0,0,1,1,0,0,0,0,"734659,211099999956787","5692650,119799999520183",12.369031020000023,51.33662865600007,1,0,0,0,Mitte
252500,14240531144200380390,14,7,13,0,2024,5,18,6,3,5,2,0,0,1,1,0,0,0,0,"733444,094100000336766","5693374,493100000545382",12.35209235900004,51.34363113000006,1,0,0,0,Mitte
252501,14240628144200435650,14,7,13,0,2024,6,14,6,3,5,3,0,0,0,1,0,0,0,0,"741925,097299999557436","5687280,497099999338388",12.469504742000026,51.285389354000074,1,3,3,3,Südost
252502,14240531144200379640,14,7,13,0,2024,5,18,6,2,6,4,0,0,0,1,1,0,0,0,"739921,189500000327826","5693977,757099999114871",12.44532726500006,51.34634973800007,1,2,2,2,Ost
252503,14240531144200373580,14,7,13,0,2024,5,21,6,3,5,3,2,0,0,1,0,0,0,0,"736371,174200000241399","5693789,823499999940395",12.394320178000044,51.34614990100005,1,2,2,2,Ost
252504,14240531144200343390,14,7,13,0,2024,5,16,6,3,5,3,0,0,1,1,0,0,0,0,"738104,102800000458956","5695150,168999999761581",12.420067863000043,51.35763715100006,1,1,1,1,Nordost
252505,14240712148110457050,14,7,13,0,2024,7,17,6,2,5,3,0,0,1,1,0,0,0,0,"737429,510999999940395","5694758,798000000417233",12.410135515000036,51.35440644200003,1,1,1,1,Nordost
252506,14240531144000417030,14,7,13,0,2024,5,14,6,2,0,7,0,0,0,0,1,0,0,1,"732955,753700000233948","5691122,988199999555945",12.343620867000027,51.32362044300004,1,5,5,5,Südwest
252508,14240705144200458010,14,7,13,0,2024,7,13,6,2,4,2,0,0,0,1,0,0,0,0,"728820,474399999715388","5700997,163399999961257",12.29072738900004,51.41394021100007,1,8,8,8,Nordwest
252512,14240705148310457360,14,7,13,0,2024,7,12,6,3,5,3,0,0,0,1,0,0,0,0,"731946,683000000193715","5693133,017000000923872",12.330472436000036,51.342076302000066,1,7,7,7,Alt-West
252525,14240530148422331920,14,7,13,0,2024,5,8,5,3,4,3,0,1,1,1,0,0,0,0,"735359,276399999856949","5693320,517899999395013",12.379506197000069,51.342357080000056,1,0,0,0,Mitte
252526,14240530148410343070,14,7,13,0,2024,5,13,5,3,3,2,0,1,1,1,0,0,0,0,"732459,521300000138581","5690609,795199999585748",12.33617681100003,51.319216597000036,1,5,5,5,Südwest
252527,14240530148310331880,14,7,13,0,2024,5,13,5,3,5,3,0,1,0,1,0,0,0,0,"730887,174800000153482","5689406,834000000730157",12.312873000000025,51.309057789000065,1,5,5,5,Südwest
252529,14240530148110344411,14,7,13,0,2024,5,10,5,3,6,4,0,1,0,1,1,0,0,0,"735553,542000000365078","5697393,086500000208616",12.384987038000077,51.37883303500007,1,9,9,9,Nord
252530,14240530148110343020,14,7,13,0,2024,5,7,5,3,2,2,0,1,0,1,0,0,0,0,"739935,461799999698997","5698064,384999999776483",12.448288687000058,51.383023869000056,1,1,1,1,Nordost
252531,14240530148110331810,14,7,13,0,2024,5,9,5,3,0,1,0,1,1,0,0,0,0,0,"734317,339900000020862","5695835,176500000059605",12.366228575000036,51.36536007400008,1,9,9,9,Nord
252532,14240530144200374070,14,7,13,0,2024,5,7,5,2,1,5,0,0,1,1,0,0,0,0,"741262,987999999895692","5686842,208599999547005",12.459731954000063,51.28173617900006,1,3,3,3,Südost
252533,14240530144200343011,14,7,13,0,2024,5,18,5,3,5,3,0,1,1,0,0,0,0,1,"733053,872800000011921","5690608,738600000739098",12.344690463000063,51.31896401200004,1,5,5,5,Südwest
252534,14240530143263352290,14,7,13,0,2024,5,19,5,3,0,5,0,0,1,1,0,0,0,0,"731491,373599999584258","5690584,106599999591708",12.322290746000021,51.319380659000046,1,5,5,5,Südwest
252545,14240701144200425460,14,7,13,0,2024,7,15,2,3,6,4,0,0,0,0,1,0,0,1,"735279,579099999740720","5690909,244899999350309",12.376771876000078,51.320745628000054,1,4,4,4,Süd
252560,14240529148110331330,14,7,13,0,2024,5,16,4,3,1,5,0,0,1,1,0,0,0,0,"735903,739500000141561","5695451,354699999094009",12.388721739000061,51.36125832100004,1,9,9,9,Nord
252561,14240529144200345020,14,7,13,0,2024,5,11,4,3,4,2,0,0,0,1,0,0,0,1,"733225,395100000314415","5693906,317800000309944",12.349306133000027,51.34849485500007,1,0,0,0,Mitte
252562,14240529144200331771,14,7,13,0,2024,5,10,4,3,5,3,0,0,1,1,0,0,0,0,"734889,590099999681115","5694334,835599999874830",12.373443776000045,51.35165619400004,1,0,0,0,Mitte
252563,14240529144200331740,14,7,13,0,2024,5,9,4,3,4,2,0,0,0,1,0,0,0,0,"738813,079699999652803","5696081,053600000217557",12.430856794000022,51.36569510900006,1,1,1,1,Nordost
252576,14240528148310343220,14,7,13,0,2024,5,13,3,3,2,6,0,1,0,1,0,1,0,0,"733191,693599999882281","5690587,763800000771880",12.346651071000053,51.31871926900004,1,5,5,5,Südwest
252579,14240528148310319300,14,7,13,0,2024,5,15,3,3,2,6,0,0,1,0,0,0,0,0,"731989,001000000163913","5691841,382999999448657",12.330237832000023,51.33046432900005,1,5,5,5,Südwest
252581,14240528148110343180,14,7,13,0,2024,5,14,3,3,8,7,0,0,0,1,0,0,0,0,"734511,478500000201166","5694994,730399999767542",12.368458352000061,51.357735802000036,1,9,9,9,Nord
252582,14240528144310360660,14,7,13,0,2024,5,19,3,3,2,6,0,0,0,1,0,1,0,0,"741872,833200000226498","5693996,817900000140071",12.473311230000036,51.345693880000056,1,2,2,2,Ost
252583,14240528144200331300,14,7,13,0,2024,5,10,3,2,4,3,0,1,0,1,1,0,0,0,"738055,295300000347197","5694734,217000000178814",12.419089880000058,51.35392404300006,1,1,1,1,Nordost
252590,14240527148410318780,14,7,13,0,2024,5,14,2,3,8,1,0,0,0,1,0,0,0,0,"734141,474999999627471","5693805,859999999403954",12.362371439000071,51.34721652500008,1,0,0,0,Mitte
252591,14240527148310331350,14,7,13,0,2024,5,16,2,3,3,2,2,0,1,0,0,0,0,1,"732305,663700000382960","5690615,682700000703335",12.333976551000035,51.31933227800005,1,5,5,5,Südwest
252592,14240527148210402440,14,7,13,0,2024,5,19,2,3,1,6,1,0,1,1,0,0,0,0,"735512,341500000096858","5689738,244200000539422",12.379333062000057,51.31013801900008,1,4,4,4,Süd
252593,14240527148210343210,14,7,13,0,2024,5,7,2,3,0,1,0,0,0,0,0,1,0,0,"734940,018000000156462","5690246,954500000923872",12.371471186000065,51.31494092400004,1,4,4,4,Süd
252594,14240527148110318751,14,7,13,0,2024,5,15,2,3,5,3,0,0,1,1,0,0,0,0,"734554,243800000287592","5699036,889599999412894",12.371738959000027,51.39400199000005,1,9,9,9,Nord
252595,14240527145200360190,14,7,13,0,2024,5,14,2,3,5,3,0,0,0,1,0,0,0,0,"735773,417200000025332","5693206,632400000467896",12.385366282000064,51.34116323900008,1,0,0,0,Mitte
252613,14240526148210319280,14,7,13,0,2024,5,16,1,3,3,7,0,0,1,1,0,0,0,0,"735562,640899999998510","5692158,054999999701977",12.381652128000042,51.331838247000064,1,0,0,0,Mitte
252614,14240526148110343170,14,7,13,0,2024,5,21,1,3,5,3,2,0,1,1,0,0,0,0,"738218,251000000163913","5694625,649399999529123",12.42135319700003,51.35288127500007,1,1,1,1,Nordost
252615,14240526148110318300,14,7,13,0,2024,5,19,1,2,5,3,0,0,0,1,0,0,0,1,"735171,577899999916553","5693555,905899999663234",12.376971531000038,51.34454766600004,1,0,0,0,Mitte
252617,14240526144200318280,14,7,13,0,2024,5,4,1,3,3,6,1,0,1,1,0,0,0,0,"735043,486800000071526","5689252,469299999997020",12.372298065000052,51.30597127600004,1,4,4,4,Süd
252624,14240525148310379700,14,7,13,0,2024,5,14,7,3,1,7,0,0,0,1,0,0,0,0,"730836,902900000102818","5690227,067500000819564",12.312683753000044,51.31644139500003,1,5,5,5,Südwest
252625,14240525148210318310,14,7,13,0,2024,5,15,7,3,2,6,0,0,0,1,0,0,0,0,"742158,278800000436604","5693364,798900000751019",12.476972380000063,51.33989975000003,1,2,2,2,Ost
252626,14240525144200318270,14,7,13,0,2024,5,16,7,3,5,2,0,0,1,1,0,0,0,0,"735099,604700000025332","5693972,540200000628829",12.376215066000043,51.348317284000075,1,0,0,0,Mitte
252637,14240524148423319340,14,7,13,0,2024,5,14,6,3,6,3,0,1,0,1,1,0,0,0,"735446,058199999853969","5693212,783900000154972",12.38067873600005,51.34135409900006,1,0,0,0,Mitte
252638,14240524148410345640,14,7,13,0,2024,5,11,6,3,3,6,0,0,1,1,0,0,0,0,"735016,489000000059605","5692460,955800000578165",12.374026172000072,51.334783118000075,1,0,0,0,Mitte
252640,14240524148210380060,14,7,13,0,2024,5,19,6,3,1,1,0,0,1,1,0,0,0,0,"735104,922699999995530","5691046,628200000151992",12.374360435000028,51.322051024000075,1,4,4,4,Süd
252641,14240524144200317640,14,7,13,0,2024,5,13,6,3,3,5,0,1,1,1,0,0,0,0,"734437,846199999563396","5696045,599199999123812",12.368095286000027,51.36719919600006,1,9,9,9,Nord
252656,14240523148410343230,14,7,13,0,2024,5,14,5,3,4,2,0,0,1,1,0,0,0,0,"733853,597000000067055","5693446,998999999836087",12.35800931500006,51.34411369900005,1,0,0,0,Mitte
252657,14240523148410319330,14,7,13,0,2024,5,8,5,3,6,4,0,0,1,0,1,0,0,0,"735467,196999999694526","5691967,422800000756979",12.380158565000045,51.330166588000054,1,0,0,0,Mitte
252658,14240523148410318770,14,7,13,0,2024,5,21,5,3,6,7,1,0,0,1,1,0,0,0,"735324,413700000382960","5691941,993499999865890",12.37809592800005,51.32999741100008,1,0,0,0,Mitte
252684,14240522144200311570,14,7,13,0,2024,5,8,4,2,6,2,0,0,0,1,1,0,0,0,"734492,673000000417233","5692406,993200000375509",12.366484415000059,51.334514934000026,1,0,0,0,Mitte
252685,14240522144200310960,14,7,13,0,2024,5,16,4,3,5,2,0,0,1,1,0,0,0,0,"730185,512600000016391","5689964,967399999499321",12.303183354000055,51.31435234600008,1,6,6,6,West
252697,14240521148110301820,14,7,13,0,2024,5,15,3,3,1,7,0,0,0,0,0,1,0,1,"733592,385300000198185","5696574,029400000348687",12.356318401000067,51.37229091900008,1,9,9,9,Nord
252698,14240521144200331760,14,7,13,0,2024,5,7,3,3,5,2,0,0,1,0,0,0,1,0,"734750,493499999865890","5693848,647600000724196",12.37112918500003,51.347349448000045,1,0,0,0,Mitte
252725,14240520148410374220,14,7,13,0,2024,5,17,2,3,3,3,0,0,1,1,0,0,0,0,"735738,237800000235438","5692765,687300000339746",12.384570265000036,51.337219780000055,1,0,0,0,Mitte
252736,14240624143263469940,14,7,13,0,2024,6,13,2,3,5,3,0,0,1,1,0,0,0,0,"734814,730899999849498","5692550,937899999320507",12.371194314000036,51.335674168000025,1,0,0,0,Mitte
252742,14240519148110301140,14,7,13,0,2024,5,17,1,2,0,1,0,0,1,0,0,0,0,0,"737337,114000000059605","5698631,228000000119209",12.411396128000035,51.38920391700003,1,1,1,1,Nordost
252751,14240518148410345150,14,7,13,0,2024,5,18,7,3,0,1,0,0,1,0,0,0,0,0,"734867,585699999704957","5694104,018500000238419",12.372976039000037,51.34959338900006,1,0,0,0,Mitte
252752,14240518148210301160,14,7,13,0,2024,5,8,7,3,5,2,0,0,1,1,0,0,0,0,"735042,853799999691546","5690896,570699999108911",12.373372324000059,51.320729689000075,1,4,4,4,Süd
252757,14240712144320590120,14,7,13,0,2024,7,17,6,3,3,2,0,0,1,1,0,0,0,0,"735009,586699999868870","5691892,195599999278784",12.37355214400003,51.32968055900005,1,0,0,0,Mitte
252762,14240517148211301840,14,7,13,0,2024,5,10,6,3,2,6,0,0,0,1,0,1,0,0,"739123,703599999658763","5693710,723999999463558",12.433717956000066,51.34428888600007,1,2,2,2,Ost
252763,14240517148110301830,14,7,13,0,2024,5,13,6,3,1,7,0,0,0,1,0,0,0,1,"734211,713700000196695","5696540,531300000846386",12.365178547000028,51.371735184000045,1,9,9,9,Nord
252774,14240516148410301480,14,7,13,0,2024,5,16,5,3,6,4,0,0,0,1,1,0,0,0,"734790,056800000369549","5692482,275200000032783",12.370795479000037,51.33506801000004,1,0,0,0,Mitte
252776,14240516148410295070,14,7,13,0,2024,5,16,5,3,5,2,0,1,1,1,0,0,0,0,"734790,944600000046194","5693608,948999999091029",12.371550931000058,51.34518111600005,1,0,0,0,Mitte
252777,14240516148410295050,14,7,13,0,2024,5,19,5,3,0,1,0,0,1,0,0,0,0,0,"735259,414400000125170","5693817,808599999174476",12.378403527000046,51.34686225100006,1,0,0,0,Mitte
252778,14240516148310344440,14,7,13,0,2024,5,15,5,3,0,5,0,0,0,1,1,0,0,0,"732898,717000000178814","5691684,525000000372529",12.343170617000055,51.32868452800005,1,5,5,5,Südwest
252779,14240516148310343050,14,7,13,0,2024,5,8,5,3,4,1,0,0,1,1,0,0,0,0,"732296,590499999932945","5691272,118799999356270",12.334274278000066,51.325228655000046,1,5,5,5,Südwest
252780,14240516148210331860,14,7,13,0,2024,5,18,5,3,4,3,0,0,0,1,0,0,0,0,"740915,769199999980628","5695193,539300000295043",12.46040467000006,51.35684146800003,1,2,2,2,Ost
252781,14240630148210442600,14,7,13,0,2024,6,15,1,3,5,7,0,1,1,1,0,0,0,0,"737702,325299999676645","5692485,447399999946356",12.412528849000068,51.33388681300005,1,2,2,2,Ost
252782,14240516144200300470,14,7,13,0,2024,5,16,5,3,5,3,0,1,0,1,0,0,0,0,"735759,831699999980628","5692868,002800000831485",12.384947432000047,51.33812924100005,1,0,0,0,Mitte
252784,14240516144200294990,14,7,13,0,2024,5,16,5,3,5,3,0,1,1,1,0,0,0,0,"734463,315499999560416","5692727,630599999800324",12.366274753000027,51.337405223000076,1,0,0,0,Mitte
252799,14240616148410380500,14,7,13,0,2024,6,9,1,3,2,6,0,0,1,1,0,0,0,0,"737251,082499999552965","5692238,885900000110269",12.405898793000063,51.33186206100004,1,3,3,3,Südost
252811,14240515148320301170,14,7,13,0,2024,5,16,4,3,5,3,0,0,1,1,0,0,0,0,"728702,672500000335276","5690588,327600000426173",12.28234182500006,51.32054619100006,1,6,6,6,West
252829,14240920148210657040,14,7,13,0,2024,9,6,6,3,3,2,0,0,1,1,0,0,0,0,"737394,851099999621511","5690258,283500000834465",12.406639949000066,51.31402401300005,1,3,3,3,Südost
252830,14240920148210647200,14,7,13,0,2024,9,18,6,3,9,1,2,0,0,1,0,0,0,0,"741036,625900000333786","5685910,924499999731779",12.455864260000055,51.27347304800003,1,3,3,3,Südost
252848,14240919148410713460,14,7,13,0,2024,9,16,5,3,5,2,0,0,1,1,0,0,0,0,"735757,082200000062585","5692894,052699999883771",12.384925271000043,51.338364212000045,1,0,0,0,Mitte
252849,14240919148224663040,14,7,13,0,2024,9,16,5,3,0,5,0,0,1,0,0,0,0,1,"735101,899699999950826","5689486,287599999457598",12.37328863700003,51.308046012000034,1,4,4,4,Süd
252850,14240919145200677380,14,7,13,0,2024,9,17,5,3,6,4,0,0,1,0,1,0,0,0,"731433,461799999698997","5693118,697300000116229",12.323107219000065,51.34215688300003,1,7,7,7,Alt-West
252851,14240919144200639210,14,7,13,0,2024,9,17,5,3,6,4,0,0,0,0,1,0,0,1,"735800,324799999594688","5692889,826600000262260",12.385542174000022,51.338308349000044,1,0,0,0,Mitte
252872,14240918148413752790,14,7,13,0,2024,9,14,4,3,3,2,0,0,0,1,0,0,0,1,"735083,733699999749660","5694960,411499999463558",12.37664008400003,51.35719130800004,1,0,0,0,Mitte
252873,14240918148410638830,14,7,13,0,2024,9,15,4,3,3,2,0,0,1,1,0,0,0,0,"737337,875199999660254","5694474,992900000885129",12.408632616000034,51.35189727200003,1,1,1,1,Nordost
252887,14240917144200665080,14,7,13,0,2024,9,7,3,3,2,6,0,0,0,1,0,0,0,0,"736227,568699999712408","5693805,169800000265241",12.392272049000042,51.34634734000008,1,0,0,0,Mitte
252888,14240917144200639190,14,7,13,0,2024,9,22,3,2,5,3,2,0,1,1,0,0,0,0,"735552,347799999639392","5692911,074100000783801",12.382002516000057,51.33860184100007,1,0,0,0,Mitte
252889,14240917144200628610,14,7,13,0,2024,9,16,3,3,0,7,0,0,1,0,0,0,0,0,"734142,784599999897182","5695550,100299999117851",12.363537867000048,51.36287307400005,1,9,9,9,Nord
252902,14240916148410646360,14,7,13,0,2024,9,8,2,3,3,2,0,1,1,1,0,0,0,0,"736334,950000000186265","5692764,624900000169873",12.393120642000042,51.33696258400005,1,0,0,0,Mitte
252903,14240916148310657070,14,7,13,0,2024,9,14,2,3,6,7,0,1,0,1,1,0,0,0,"733718,898000000044703","5693391,325999999418855",12.356042133000074,51.34366933500007,1,0,0,0,Mitte
252904,14240916148210645750,14,7,13,0,2024,9,12,2,3,4,7,0,1,1,1,0,0,0,0,"738168,394000000320375","5693611,179199999198318",12.419959813000048,51.34379635600004,1,2,2,2,Ost
252905,14240916148110628180,14,7,13,0,2024,9,6,2,3,6,4,2,1,0,1,1,0,0,0,"738209,887799999676645","5694643,317399999126792",12.421245138000074,51.353043366000065,1,1,1,1,Nordost
252920,14240915148410639240,14,7,13,0,2024,9,0,1,3,0,1,2,0,0,0,0,1,0,0,"734800,635999999940395","5692999,753000000491738",12.37128817200005,51.33970873200008,1,0,0,0,Mitte
252921,14240915148210663840,14,7,13,0,2024,9,16,1,3,3,5,0,0,1,1,0,0,0,0,"737942,613800000399351","5693559,736899999901652",12.416689559000076,51.34342914300004,1,2,2,2,Ost
252922,14240915148110627760,14,7,13,0,2024,9,20,1,3,2,2,2,1,0,1,0,0,0,0,"735485,569000000134110","5697592,931900000199676",12.384144506000041,51.38065508200003,1,9,9,9,Nord
252927,14240914148310646690,14,7,13,0,2024,9,18,7,3,3,6,0,0,1,0,0,0,0,0,"732596,096400000154972","5691606,135299999266863",12.338783379000063,51.328104661000054,1,5,5,5,Südwest
252928,14240914145400627750,14,7,13,0,2024,9,17,7,3,0,3,0,0,1,1,0,0,0,0,"734136,954300000332296","5693560,058900000527501",12.36214499700003,51.34501196100007,1,0,0,0,Mitte
252929,14240914144200713360,14,7,13,0,2024,9,18,7,3,3,6,0,0,1,0,0,0,0,1,"735013,516200000420213","5692378,884500000625849",12.373929435000036,51.334047643000076,1,0,0,0,Mitte
252930,14240914144200645700,14,7,13,0,2024,9,14,7,2,4,2,0,0,0,1,0,0,0,0,"730729,781200000084937","5693727,961200000718236",12.31341618700003,51.34791218100003,1,7,7,7,Alt-West
252938,14240913148210646350,14,7,13,0,2024,9,15,6,3,2,6,0,0,0,1,0,1,0,0,"735072,089200000278652","5690382,505100000649691",12.373452268000051,51.31610314900007,1,4,4,4,Süd
252942,14240913148110677390,14,7,13,0,2024,9,13,6,2,4,7,0,0,1,1,0,0,0,0,"734664,929299999959767","5696346,387499999254942",12.371550159000037,51.36980542100008,1,9,9,9,Nord
252959,14240912148410663420,14,7,13,0,2024,9,8,5,3,5,3,0,0,1,0,0,0,0,1,"733614,845300000160933","5694044,373700000345707",12.354979269000069,51.349574207000046,1,0,0,0,Mitte
252960,14240912148310718820,14,7,13,0,2024,9,18,5,3,5,3,0,0,1,0,0,0,0,1,"728687,477699999697506","5689578,721499999985099",12.281476761000022,51.31148881100006,1,6,6,6,West
252962,14240912148310628690,14,7,13,0,2024,9,8,5,3,5,3,0,0,0,1,0,0,0,0,"731910,416199999861419","5690281,408500000834465",12.32809698400007,51.31649277100007,1,5,5,5,Südwest
252963,14240912148310621180,14,7,13,0,2024,9,11,5,3,0,1,0,0,1,0,0,0,0,0,"733255,933100000023842","5691700,576300000771880",12.348299428000075,51.328682256000036,1,5,5,5,Südwest
252964,14240912148110647190,14,7,13,0,2024,9,7,5,3,5,3,0,0,1,1,0,0,0,0,"734342,329300000332296","5696047,122800000011921",12.36672657300005,51.36725228200004,1,9,9,9,Nord
252966,14240912144200621100,14,7,13,0,2024,9,10,5,3,4,6,0,0,0,1,0,0,0,0,"739174,457700000144541","5691419,116499999538064",12.432907042000068,51.32369847000007,1,3,3,3,Südost
252967,14240912144200621080,14,7,13,0,2024,9,17,5,2,0,4,0,0,0,0,1,0,0,1,"734428,434200000017881","5693005,231300000101328",12.365957581000032,51.33991147200004,1,0,0,0,Mitte
252979,14240911148410620330,14,7,13,0,2024,9,11,4,3,0,7,0,0,1,0,0,0,0,0,"735154,904699999839067","5692695,020300000905991",12.37616414300004,51.33682695300007,1,0,0,0,Mitte
252980,14240911148110621160,14,7,13,0,2024,9,6,4,3,1,5,1,0,1,1,0,0,0,0,"734862,689299999736249","5695841,551999999210238",12.374052763000066,51.365192121000064,1,9,9,9,Nord
252982,14240911144200645670,14,7,13,0,2024,9,15,4,3,0,3,0,0,1,0,0,0,0,1,"727623,341400000266731","5689064,179700000211596",12.26590569800004,51.307296104000045,1,6,6,6,West
252999,14240910148415620340,14,7,13,0,2024,9,13,3,3,3,2,0,0,1,1,0,0,0,0,"735588,633299999870360","5692241,301400000229478",12.382079607000037,51.332574728000054,1,0,0,0,Mitte
253000,14240910148410639230,14,7,13,0,2024,9,18,3,3,2,2,0,0,1,1,0,0,0,0,"738284,383399999700487","5693608,885500000789762",12.421620631000053,51.34372717000008,1,2,2,2,Ost
253001,14240910148323607920,14,7,13,0,2024,9,17,3,3,2,6,0,0,0,1,0,0,0,0,"730199,077899999916553","5689983,329099999740720",12.303389520000053,51.31451169300004,1,5,5,5,Südwest
253002,14240910144200621110,14,7,13,0,2024,9,9,3,3,5,3,0,0,0,1,0,1,0,0,"732879,045199999585748","5695872,323100000619888",12.345628146000024,51.36628491500005,1,8,8,8,Nordwest
253003,14240910144200620240,14,7,13,0,2024,9,17,3,3,6,7,0,0,0,1,1,0,0,0,"728050,067999999970198","5690919,398000000044703",12.273203841000054,51.32378023800004,1,6,6,6,West
253017,14240909148410682140,14,7,13,0,2024,9,10,2,3,5,3,0,1,1,1,0,0,0,0,"737183,856700000353158","5693907,437599999830127",12.406046653000033,51.34686715200007,1,2,2,2,Ost
253018,14240909148410663410,14,7,13,0,2024,9,16,2,3,0,7,0,0,1,0,0,0,0,0,"736580,153800000436604","5693937,353099999949336",12.397413523000068,51.347387224000045,1,2,2,2,Ost