OID_,UIDENTSTLAE,ULAND,UREGBEZ,UKREIS,UGEMEINDE,UJAHR,UMONAT,USTUNDE,UWOCHENTAG,UKATEGORIE,UART,UTYP1,ULICHTVERH,IstStrassenzustand,IstRad,IstPKW,IstFuss,IstKrad,IstGkfz,IstSonstige,LINREFX,LINREFY,XGCSWGS84,YGCSWGS84,PLST,index_right,FID,SBZ,Name
253019,14240909148410627420,14,7,13,0,2024,9,10,2,3,3,7,0,1,1,1,0,0,0,0,"735037,814500000327826","5691483,265399999916553",12.373686930000076,51.32599817800008,1,0,0,0,Mitte
253020,14240909148310628700,14,7,13,0,2024,9,16,2,3,5,3,0,0,1,1,0,0,0,0,"728492,062199999578297","5694742,464400000870228",12.281989433000035,51.35792342000008,1,7,7,7,Alt-West
253021,14240909148310607470,14,7,13,0,2024,9,15,2,3,0,3,0,0,1,0,0,0,0,1,"729928,830000000074506","5690160,392999999225140",12.299632478000035,51.31621045300005,1,6,6,6,West
253022,14240909148210681120,14,7,13,0,2024,9,8,2,3,5,3,0,1,0,1,0,0,0,0,"738272,436999999918044","5692593,378900000825524",12.420770090000076,51.33461705500008,1,2,2,2,Ost
253023,14240909148110607360,14,7,13,0,2024,9,23,2,3,1,7,2,1,0,1,0,0,0,0,"736151,529699999839067","5695588,830700000748038",12.392365778000055,51.362389402000076,1,9,9,9,Nord
253024,14240909143263620220,14,7,13,0,2024,9,12,2,3,6,7,0,0,1,0,1,0,0,0,"734642,383700000122190","5693493,494699999690056",12.369345506000059,51.344206084000064,1,0,0,0,Mitte
253038,14240908148410627140,14,7,13,0,2024,9,12,1,3,5,3,0,0,1,1,0,0,0,0,"734993,373800000175834","5693905,091299999505281",12.374647826000057,51.34775576200008,1,0,0,0,Mitte
253039,14240908148410627120,14,7,13,0,2024,9,15,1,3,6,7,0,0,0,1,1,0,0,0,"730581,082799999974668","5683353,468900000676513",12.304582946000039,51.25484031700006,1,5,5,5,Südwest
253040,14240914148210681130,14,7,13,0,2024,9,9,7,3,5,3,0,0,0,1,0,0,0,0,"737856,756099999882281","5690947,060300000011921",12.41371508800006,51.320013662000065,1,3,3,3,Südost
253041,14240908148310606880,14,7,13,0,2024,9,9,1,3,1,5,0,0,1,1,0,0,0,0,"732293,913999999873340","5689026,394799999892712",12.33277332800003,51.305070371000056,1,5,5,5,Südwest
253051,14240907148310606280,14,7,13,0,2024,9,0,7,3,6,4,2,0,0,1,1,0,0,0,"732232,893099999986589","5692051,470599999651313",12.333869500000048,51.332250714000054,1,7,7,7,Alt-West
253057,14240906148310664400,14,7,13,0,2024,9,11,6,3,5,3,0,0,1,1,0,0,0,0,"731833,849999999627471","5692177,801999999210238",12.32823353300006,51.33354755100004,1,7,7,7,Alt-West
253058,14240906148210620290,14,7,13,0,2024,9,15,6,3,5,3,0,0,1,1,0,0,0,0,"740585,979000000283122","5689994,142999999225140",12.452166194000029,51.31031329400008,1,3,3,3,Südost
253059,14240906148210620280,14,7,13,0,2024,9,9,6,3,5,2,0,0,1,1,0,0,0,0,"736730,073699999600649","5689270,721200000494719",12.396463093000023,51.305436332000056,1,4,4,4,Süd
253060,14240908144200729920,14,7,13,0,2024,9,16,1,3,5,3,0,0,1,1,0,0,0,0,"733602,742999999783933","5690688,413000000640750",12.352605352000069,51.319454171000075,1,5,5,5,Südwest
253061,14240906148110606240,14,7,13,0,2024,9,13,6,3,2,2,0,0,1,1,0,0,0,0,"735030,624699999578297","5696506,192999999970198",12.376900137000064,51.37108869300005,1,9,9,9,Nord
253062,14240906144320664410,14,7,13,0,2024,9,10,6,3,2,6,0,0,1,0,0,0,0,1,"737083,161299999803305","5693320,346699999645352",12.404212479000023,51.341639376000046,1,2,2,2,Ost
253065,14240906144200606850,14,7,13,0,2024,9,14,6,3,5,3,0,0,1,1,0,0,0,0,"735114,421000000089407","5688743,893999999389052",12.372978880000062,51.30137679300003,1,4,4,4,Süd
253066,14240906144200606510,14,7,13,0,2024,9,20,6,3,5,3,2,0,0,1,0,0,0,0,"729215,001899999566376","5694433,052500000223517",12.292155819000072,51.35485465900007,1,7,7,7,Alt-West
253067,14240906143263628140,14,7,13,0,2024,9,12,6,3,0,2,0,0,1,1,0,0,0,0,"733706,258399999700487","5697349,640100000426173",12.358461527000031,51.37920631600008,1,9,9,9,Nord
253086,14240905148410600860,14,7,13,0,2024,9,8,5,3,5,3,0,0,1,1,0,0,0,0,"733081,026999999769032","5694123,800000000745058",12.34737909300003,51.35050631800004,1,0,0,0,Mitte
253087,14240905148323600850,14,7,13,0,2024,9,16,5,3,4,2,0,0,1,1,0,0,0,0,"733265,439299999736249","5692083,759199999272823",12.348686459000021,51.33211804600006,1,5,5,5,Südwest
253088,14240905148310607450,14,7,13,0,2024,9,16,5,2,5,3,0,0,1,1,0,0,0,0,"728540,309500000439584","5689941,521299999207258",12.279601176000028,51.31480487300007,1,6,6,6,West
253089,14240905148310607440,14,7,13,0,2024,9,21,5,3,0,1,2,0,0,0,0,0,0,1,"730023,218600000254810","5691026,087300000712276",12.301543068000058,51.32394370800006,1,6,6,6,West
253091,14240905148310600840,14,7,13,0,2024,9,15,5,3,7,7,0,0,1,0,0,0,0,0,"730712,815999999642372","5691647,380300000309944",12.31182534800007,51.32924182100004,1,7,7,7,Alt-West
253092,14240905144200639201,14,7,13,0,2024,9,22,5,2,5,3,2,0,1,1,0,0,0,0,"734845,337700000032783","5691801,208399999886751",12.371138783000049,51.32893165200005,1,0,0,0,Mitte
253108,14240904148410677500,14,7,13,0,2024,9,16,4,3,4,2,0,0,1,1,0,0,0,0,"733132,619199999608099","5691725,589900000020862",12.346548909000035,51.32895734400006,1,5,5,5,Südwest
253109,14240904148410600870,14,7,13,0,2024,9,9,4,3,2,6,0,0,1,0,0,0,0,0,"733537,048899999819696","5692202,461400000378489",12.352656241000034,51.333072135000066,1,0,0,0,Mitte
253110,14240904148321600330,14,7,13,0,2024,9,5,4,3,4,6,1,0,1,1,0,0,0,0,"735101,760999999940395","5692244,953500000759959",12.375105574000031,51.33280895900003,1,0,0,0,Mitte
253111,14240904148320657080,14,7,13,0,2024,9,21,4,3,5,3,2,0,1,0,0,0,0,0,"732469,563500000163913","5691167,904600000008941",12.336684570000045,51.324222501000065,1,5,5,5,Südwest
253112,14240904148310627090,14,7,13,0,2024,9,12,4,3,2,7,0,0,0,1,0,0,0,0,"732691,821499999612570","5692185,487400000914931",12.340533257000061,51.333266182000045,1,7,7,7,Alt-West
253113,14240904148110600320,14,7,13,0,2024,9,15,4,3,1,5,0,0,1,1,0,0,0,0,"733158,703300000168383","5696174,556199999526143",12.34983661800004,51.36888322100003,1,8,8,8,Nordwest
253114,14240904144200768360,14,7,13,0,2024,9,14,4,2,5,3,0,0,1,1,0,0,0,0,"732741,060499999672174","5692085,075200000777841",12.341173255000058,51.33234466700003,1,7,7,7,Alt-West
253115,14240904144200607870,14,7,13,0,2024,9,23,4,2,0,1,2,0,1,0,0,0,0,0,"737614,066800000146031","5693742,452800000086427",12.412102769000057,51.34520660000004,1,2,2,2,Ost
253116,14240904144200600740,14,7,13,0,2024,9,15,4,3,5,3,0,0,0,1,0,0,0,0,"738882,440299999900162","5692222,936200000345707",12.429262462000054,51.33103613500003,1,2,2,2,Ost
253130,14240903148310681731,14,7,13,0,2024,9,13,3,2,4,7,0,0,1,0,0,0,0,0,"732357,756900000385940","5692545,549200000241399",12.335980979000055,51.33663493100005,1,7,7,7,Alt-West
253132,14240903148310590080,14,7,13,0,2024,9,5,3,3,5,3,1,0,1,1,0,0,0,0,"730326,168999999761581","5691178,697599999606609",12.305982181000047,51.32519113400008,1,6,6,6,West
253134,14240903144200606210,14,7,13,0,2024,9,16,3,3,5,3,0,0,1,1,0,0,0,0,"731835,029000000096858","5689324,937999999150634",12.326395476000073,51.30793739400008,1,5,5,5,Südwest
253158,14240902148423590130,14,7,13,0,2024,9,7,2,3,5,3,0,0,1,1,0,0,0,0,"742237,326299999840558","5693544,135399999096990",12.478227093000044,51.34147569900006,1,2,2,2,Ost
253160,14240902148410665160,14,7,13,0,2024,9,19,2,3,5,3,0,0,1,1,0,0,0,0,"735013,772400000132620","5691984,987299999222159",12.373673311000061,51.33051176400005,1,0,0,0,Mitte
253161,14240902148410606571,14,7,13,0,2024,9,7,2,3,5,2,0,0,0,1,0,1,0,0,"737335,739199999719858","5693071,962200000882149",12.407666776000042,51.33930449500008,1,2,2,2,Ost
253162,14240902148310606890,14,7,13,0,2024,9,19,2,3,4,2,0,0,1,1,0,0,0,0,"731779,738099999725819","5691736,413599999621511",12.327170999000032,51.32960734400007,1,5,5,5,Südwest
253163,14240902148210606540,14,7,13,0,2024,9,10,2,3,6,2,0,0,0,1,1,0,0,0,"736692,356399999931455","5689809,985700000077486",12.39628067600006,51.31029256800008,1,4,4,4,Süd
253164,14240902148210590050,14,7,13,0,2024,9,11,2,3,6,4,0,0,1,0,1,0,0,0,"736881,073200000450015","5688860,040200000628829",12.39835289000007,51.30168717200007,1,4,4,4,Süd
253165,14240902148110620250,14,7,13,0,2024,9,20,2,3,1,5,2,0,0,1,0,0,0,0,"737361,065000000409782","5694501,199999999254942",12.408982511000033,51.35212282400005,1,1,1,1,Nordost
253166,14240902144200701000,14,7,13,0,2024,9,17,2,3,3,6,0,0,0,1,0,0,0,1,"737374,291299999691546","5692663,348799999803305",12.407946969000022,51.33562066500008,1,3,3,3,Südost
253168,14240902144200589970,14,7,13,0,2024,9,15,2,3,1,7,0,0,0,1,0,0,0,0,"734180,383000000379980","5697036,173699999228120",12.365055743000028,51.37619718800005,1,9,9,9,Nord
253177,14240917143263638780,14,7,13,0,2024,9,15,3,3,3,2,0,0,1,1,0,0,0,0,"734643,489799999631941","5693490,491299999877810",12.369359380000049,51.34417866700005,1,0,0,0,Mitte
253180,14240901148410588760,14,7,13,0,2024,9,1,1,3,1,1,2,0,1,1,0,0,0,0,"735749,939199999906123","5691757,248299999162555",12.384070737000059,51.32816289200008,1,0,0,0,Mitte
253181,14240901148310607460,14,7,13,0,2024,9,17,1,3,7,7,0,0,1,0,0,0,0,1,"731344,406600000336766","5693987,008899999782443",12.322395011000026,51.349987818000045,1,7,7,7,Alt-West
253182,14240901148110600800,14,7,13,0,2024,9,15,1,3,5,3,0,0,0,1,0,1,0,0,"729398,842100000008941","5700941,477700000628829",12.298994232000041,51.41320667900004,1,8,8,8,Nordwest
253183,14240901144200600760,14,7,13,0,2024,9,14,1,3,1,1,0,0,1,1,0,0,0,0,"732362,829400000162423","5690746,382999999448657",12.334880655000063,51.32048220400003,1,5,5,5,Südwest
253184,14240901144200600750,14,7,13,0,2024,9,0,1,3,3,6,2,0,0,1,0,0,0,0,"735557,697399999946356","5692928,943299999460578",12.382090998000024,51.33876002400007,1,0,0,0,Mitte
253196,14240831148410588750,14,7,13,0,2024,8,23,7,3,0,7,2,0,1,0,0,0,0,0,"734552,458700000308454","5693797,468399999663234",12.368256871000028,51.34697178300007,1,0,0,0,Mitte
253197,14240831148210607911,14,7,13,0,2024,8,12,7,3,5,3,0,0,1,0,0,0,1,0,"738638,093999999575317","5693596,628799999132752",12.426681744000064,51.34346880900006,1,2,2,2,Ost
253216,14240830148410589630,14,7,13,0,2024,8,21,6,3,2,6,2,0,1,1,0,0,0,0,"734775,635599999688566","5693530,147099999710917",12.371279547000029,51.344480082000075,1,0,0,0,Mitte
253217,14240830148410589620,14,7,13,0,2024,8,21,6,2,0,7,2,0,1,0,0,0,0,0,"734687,182599999941885","5692094,629499999806285",12.369065960000057,51.33163079600007,1,0,0,0,Mitte
253218,14240830144200590001,14,7,13,0,2024,8,9,6,2,6,4,0,0,0,0,1,0,0,1,"731223,296500000171363","5691957,528899999335408",12.319341225000073,51.33181872500006,1,7,7,7,Alt-West
253233,14240829148410590100,14,7,13,0,2024,8,20,5,3,0,1,1,0,1,0,0,0,0,0,"735260,150500000454485","5693815,384400000795722",12.378412476000051,51.346840186000065,1,0,0,0,Mitte
253234,14240829148320713420,14,7,13,0,2024,8,12,5,3,0,2,0,0,0,1,0,0,0,1,"730182,048600000329316","5689968,251399999484420",12.303135853000072,51.314383227000064,1,5,5,5,Südwest
253235,14240829148310581700,14,7,13,0,2024,8,17,5,3,1,7,0,0,1,1,0,0,0,0,"731100,427400000393391","5691989,768899999558926",12.317601455000045,51.33215807400006,1,7,7,7,Alt-West
253236,14240829148310581680,14,7,13,0,2024,8,7,5,3,3,6,0,0,0,1,0,1,0,0,"731074,308400000445545","5690683,353599999099970",12.31638024800003,51.320441103000064,1,7,7,7,Alt-West
253237,14240829148310581670,14,7,13,0,2024,8,18,5,3,5,3,0,0,0,1,0,0,0,0,"731976,771300000138581","5690976,648299999535084",12.329499802000043,51.32270676600007,1,5,5,5,Südwest
253238,14240829148210657500,14,7,13,0,2024,8,12,5,3,5,3,0,0,1,1,0,0,0,0,"736917,834699999541044","5693174,042600000277162",12.401745768000069,51.34039504300006,1,2,2,2,Ost
253239,14240829148210590040,14,7,13,0,2024,8,13,5,3,5,3,0,0,1,1,0,0,0,0,"737680,347400000318885","5693339,846699999645352",12.412784015000057,51.34156510100007,1,2,2,2,Ost
253240,14240829148110607370,14,7,13,0,2024,8,9,5,3,6,7,0,0,1,0,1,0,0,0,"735602,645800000056624","5695940,033999999985099",12.384728379000023,51.36576974700006,1,9,9,9,Nord
253241,14240829148110600810,14,7,13,0,2024,8,7,5,3,1,6,0,0,1,0,0,0,0,0,"733376,243499999865890","5697667,371400000527501",12.353936482000051,51.382194156000025,1,8,8,8,Nordwest
253242,14240829148110589610,14,7,13,0,2024,8,10,5,3,2,6,0,0,0,1,0,0,0,0,"734959,892500000074506","5695893,219799999147654",12.375480723000067,51.365615717000026,1,9,9,9,Nord
253243,14240829144200606200,14,7,13,0,2024,8,15,5,3,2,6,0,0,0,1,0,0,0,0,"735405,114799999631941","5694204,279799999669194",12.38074748400004,51.35027101900005,1,0,0,0,Mitte
253244,14240829144200605540,14,7,13,0,2024,8,15,5,3,5,2,0,0,0,1,0,1,0,0,"735546,541199999861419","5692935,490800000727177",12.381935449000025,51.33882341800006,1,0,0,0,Mitte
253247,14240829144200589540,14,7,13,0,2024,8,15,5,3,2,6,0,0,0,1,0,0,0,0,"734819,936300000175834","5691732,840700000524521",12.370729785000037,51.32832844100005,1,0,0,0,Mitte
253248,14240829144200588180,14,7,13,0,2024,8,8,5,3,2,6,0,0,0,1,0,0,0,0,"734779,386099999770522","5692500,073400000110269",12.370654297000044,51.33523217900006,1,0,0,0,Mitte
253249,14240829144200581640,14,7,13,0,2024,8,10,5,3,4,2,0,0,0,1,0,0,0,1,"740806,146300000138581","5694630,987900000065565",12.458452528000066,51.35183871600003,1,2,2,2,Ost
253268,14240828148410581710,14,7,13,0,2024,8,15,4,3,5,3,0,0,0,1,0,0,0,0,"737084,437800000421703","5693762,260999999940395",12.404524996000077,51.34560550400005,1,2,2,2,Ost
253269,14240828148410581210,14,7,13,0,2024,8,17,4,3,0,7,0,0,1,0,0,0,0,0,"735174,222000000067055","5693485,316999999806285",12.37696280700004,51.34391294200003,1,0,0,0,Mitte
253270,14240828148211645740,14,7,13,0,2024,8,18,4,3,0,7,0,0,1,0,0,0,0,0,"736468,853400000371039","5687478,002199999988079",12.391534985000021,51.28945295600005,1,4,4,4,Süd
253271,14240828148121588230,14,7,13,0,2024,8,12,4,3,5,3,0,0,1,0,0,0,0,1,"741599,205500000156462","5698108,388000000268221",12.472182494000037,51.38271332100004,1,1,1,1,Nordost
253272,14240828144200600790,14,7,13,0,2024,8,16,4,3,3,2,0,0,1,1,0,0,0,0,"735065,787600000388920","5690879,043700000271201",12.373689306000074,51.32056288600006,1,4,4,4,Süd
253273,14240828144200588680,14,7,13,0,2024,8,14,4,3,4,7,0,0,0,1,0,0,0,1,"737175,887500000186265","5692929,426999999210238",12.405281070000058,51.33809178000007,1,2,2,2,Ost
253283,14240827148310700050,14,7,13,0,2024,8,10,3,3,4,2,0,0,0,1,0,0,0,0,"730843,040400000289083","5693893,542199999094009",12.31514710700003,51.349352605000036,1,7,7,7,Alt-West
253284,14240827144200588670,14,7,13,0,2024,8,16,3,3,2,6,0,0,0,1,0,0,0,0,"727643,435800000093877","5689071,239000000059605",12.266198011000029,51.30735144400006,1,6,6,6,West
253285,14240827144200569370,14,7,13,0,2024,8,13,3,3,1,6,0,0,0,1,0,0,0,0,"734808,875599999912083","5692587,619899999350309",12.37113458400006,51.33600585800008,1,0,0,0,Mitte
253294,14240829148310590090,14,7,13,0,2024,8,17,5,3,0,7,0,0,1,0,0,0,0,1,"732311,625500000081956","5692756,805299999192357",12.335457647000055,51.33855016600006,1,7,7,7,Alt-West
253299,14240826148410588270,14,7,13,0,2024,8,17,2,3,4,6,0,0,1,0,1,0,0,0,"735736,160000000149012","5692756,205800000578165",12.38453421500003,51.33713553300004,1,0,0,0,Mitte
253300,14240826144200581160,14,7,13,0,2024,8,22,2,3,5,3,2,0,1,1,0,0,0,0,"734051,582000000402331","5692309,431600000709295",12.360099521000052,51.33382085900007,1,0,0,0,Mitte
253323,14240825148410590110,14,7,13,0,2024,8,17,1,3,3,2,0,0,0,1,0,0,0,1,"735243,134999999776483","5692296,551000000908971",12.377165412000068,51.33321366400003,1,0,0,0,Mitte
253324,14240825148410568400,14,7,13,0,2024,8,7,1,3,0,7,0,0,1,0,0,0,0,0,"735003,549200000241399","5691831,417500000447035",12.373425560000044,51.32913748500005,1,0,0,0,Mitte
253325,14240825148210568371,14,7,13,0,2024,8,1,1,3,2,6,2,0,0,1,0,0,0,0,"737393,567499999888241","5692717,700099999085069",12.40825940600007,51.33610048000003,1,3,3,3,Südost
253336,14240824148310567990,14,7,13,0,2024,8,16,7,3,0,1,0,0,1,0,0,0,0,0,"731982,407999999821186","5688643,340099999681115",12.328063203000056,51.30175875700007,1,5,5,5,Südwest
253337,14240824148210569390,14,7,13,0,2024,8,12,7,3,1,5,0,0,1,1,0,0,0,0,"738655,423200000077486","5693561,270600000396371",12.426906405000068,51.34314416500007,1,2,2,2,Ost
253338,14240824148210567970,14,7,13,0,2024,8,15,7,3,6,4,0,0,0,0,1,1,0,1,"738197,304200000129640","5690004,512099999934435",12.417963826000062,51.31141090600005,1,3,3,3,Südost
253339,14240824148110606870,14,7,13,0,2024,8,7,7,3,6,6,0,0,0,1,1,0,0,0,"737851,563099999912083","5698083,138599999248981",12.418409508000025,51.38406900600006,1,1,1,1,Nordost
253340,14240824148110568860,14,7,13,0,2024,8,10,7,3,6,4,0,0,0,0,1,0,0,1,"734178,485000000335276","5695538,576500000432134",12.364042179000023,51.362754918000064,1,9,9,9,Nord
253341,14240824144200568840,14,7,13,0,2024,8,10,7,3,5,7,0,0,0,1,0,1,0,0,"730839,263199999928474","5684941,449799999594688",12.30930107200004,51.26899133000006,1,5,5,5,Südwest
253356,14240823148310621190,14,7,13,0,2024,8,13,6,3,5,3,0,0,0,1,0,0,0,0,"727381,084599999710917","5692106,845899999141693",12.264376306000031,51.334708170000056,1,6,6,6,West
253357,14240823148210569380,14,7,13,0,2024,8,12,6,3,5,3,0,0,1,1,0,0,0,0,"742457,099000000394881","5692817,861999999731779",12.480882167000061,51.334863462000044,1,2,2,2,Ost
253359,14240823148210567641,14,7,13,0,2024,8,12,6,3,2,6,0,0,0,1,0,0,0,0,"741640,613099999725819","5684866,563300000503659",12.463801342000068,51.263843515000076,1,3,3,3,Südost
253360,14240823148110567631,14,7,13,0,2024,8,12,6,2,0,7,0,0,0,0,0,1,0,0,"735892,381599999964237","5694557,844599999487400",12.387966524000035,51.35324269900008,1,9,9,9,Nord
253367,14240827148423569410,14,7,13,0,2024,8,7,3,3,5,1,0,0,1,0,0,0,0,0,"733496,803999999538064","5692248,061000000685453",12.352109430000041,51.333497986000054,1,0,0,0,Mitte
253380,14240822148410627790,14,7,13,0,2024,8,16,5,3,0,6,0,0,0,0,0,0,0,1,"737021,115600000135601","5692992,895700000226498",12.403105357000072,51.33872600900003,1,2,2,2,Ost
253381,14240822148410568390,14,7,13,0,2024,8,10,5,3,5,3,0,0,1,1,0,0,0,0,"735317,316599999554455","5692450,034800000488758",12.378329751000024,51.33456070200003,1,0,0,0,Mitte
253382,14240822148110562050,14,7,13,0,2024,8,13,5,2,8,1,0,0,1,0,0,0,0,0,"736025,563299999572337","5694398,324100000783801",12.389769944000022,51.35175552100003,1,0,0,0,Mitte
253383,14240822144200562020,14,7,13,0,2024,8,15,5,2,5,3,0,0,0,1,0,0,0,0,"730887,334099999628961","5697232,152400000020862",12.31794941100003,51.37930484800006,1,8,8,8,Nordwest
253384,14240822144200561990,14,7,13,0,2024,8,18,5,3,5,3,0,0,1,1,0,0,0,0,"742017,861100000329316","5693996,104199999943376",12.475389243000052,51.34562575800004,1,2,2,2,Ost
253399,14240821148210588240,14,7,13,0,2024,8,15,4,3,3,6,0,0,1,1,0,0,0,0,"736668,280299999751151","5687805,500700000673532",12.394606869000029,51.29230985100003,1,4,4,4,Süd
253400,14240821148210562080,14,7,29,260,2024,8,9,4,3,2,6,0,0,1,1,0,0,0,0,"734868,959999999962747","5687365,535299999639392",12.368557397000075,51.28910527100004,1,4,4,4,Süd
253402,14240821148110561630,14,7,13,0,2024,8,11,4,2,2,6,0,0,0,1,0,0,0,0,"734699,344700000248849","5695465,767500000074506",12.371462545000043,51.361886447000074,1,9,9,9,Nord
253410,14240913148110628640,14,7,13,0,2024,9,12,6,3,5,3,0,0,1,1,0,0,0,0,"731374,762699999846518","5698109,049900000914931",12.325512389000039,51.38697814200003,1,8,8,8,Nordwest
253417,14240820148410628710,14,7,13,0,2024,8,11,3,3,6,4,0,0,1,0,1,0,0,0,"736084,946999999694526","5692632,277000000700355",12.389450324000052,51.33587843600003,1,0,0,0,Mitte
253418,14240820148410588260,14,7,13,0,2024,8,17,3,3,5,3,0,0,0,1,0,0,0,0,"734525,334900000132620","5691868,965900000184774",12.366598340000053,51.32967189100003,1,0,0,0,Mitte
253419,14240820148410568410,14,7,13,0,2024,8,10,3,3,4,3,0,0,1,0,0,0,1,0,"734527,287800000049174","5693629,802300000563264",12.367785634000029,51.34547712600005,1,0,0,0,Mitte
253420,14240820148210620270,14,7,13,0,2024,8,9,3,3,3,2,0,0,1,1,0,0,0,0,"737695,574300000444055","5692433,582699999213219",12.412397514000077,51.333424096000044,1,2,2,2,Ost
253421,14240820148110549670,14,7,13,0,2024,8,16,3,3,0,1,0,0,1,0,0,0,0,0,"733546,494500000029802","5695743,460200000554323",12.355114721000064,51.36485418500007,1,9,9,9,Nord
253423,14240820148110549660,14,7,13,0,2024,8,22,3,3,4,2,2,0,0,1,0,1,0,0,"736664,315999999642372","5695262,600500000640750",12.399501119000035,51.35924777300005,1,1,1,1,Nordost
253424,14240820144200581150,14,7,13,0,2024,8,15,3,3,3,6,0,0,1,1,0,0,0,0,"734278,639200000092387","5695527,951700000092387",12.365471261000039,51.362618258000055,1,9,9,9,Nord
253426,14240820144200561580,14,7,13,0,2024,8,18,3,3,4,2,0,0,0,1,0,0,0,1,"733981,429700000211596","5695413,404999999329448",12.36113431900003,51.36171250400008,1,9,9,9,Nord
253427,14240820144200549620,14,7,13,0,2024,8,14,3,2,4,2,0,0,1,1,0,0,0,0,"730613,244400000199676","5693695,107799999415874",12.311724370000036,51.34766454600003,1,7,7,7,Alt-West
253438,14240822148110589600,14,7,13,0,2024,8,5,5,3,4,6,1,0,1,1,0,0,0,0,"735114,502999999560416","5697627,740000000223517",12.378844944000036,51.38112129500007,1,9,9,9,Nord
253441,14240819144200581590,14,7,13,0,2024,8,11,2,2,4,3,0,0,0,1,0,0,0,1,"737137,852400000207126","5694425,005799999460578",12.405732048000061,51.35153206900003,1,1,1,1,Nordost
253442,14240819144200549641,14,7,13,0,2024,8,15,2,3,2,6,0,0,0,1,0,0,0,0,"734547,850499999709427","5691407,929800000041723",12.36661755800003,51.32552413700006,1,4,4,4,Süd
253464,14240921148110646070,14,7,13,0,2024,9,14,7,3,2,7,0,0,1,1,0,0,0,0,"736246,179100000299513","5697150,277499999850988",12.394760334000068,51.376365820000046,1,9,9,9,Nord
253467,14240817148410562110,14,7,13,0,2024,8,16,7,3,6,7,0,0,1,0,1,0,0,0,"735767,345999999903142","5692889,966099999845028",12.385069655000052,51.33832327400006,1,0,0,0,Mitte
253482,14240816148410548590,14,7,13,0,2024,8,13,6,3,2,6,0,0,0,1,0,1,0,0,"733711,518500000238419","5692766,552600000053644",12.355526373000032,51.33806406600007,1,0,0,0,Mitte
253483,14240816148310548190,14,7,13,0,2024,8,7,6,3,5,3,0,0,1,0,0,0,0,1,"732620,415000000037253","5692519,627000000327826",12.339728184000023,51.336294860000066,1,7,7,7,Alt-West
253484,14240816148310547930,14,7,13,0,2024,8,10,6,2,5,5,0,0,0,1,0,1,0,0,"731630,730999999679625","5688745,321699999272823",12.32309327300004,51.30281740300006,1,5,5,5,Südwest
253486,14240816144200657000,14,7,13,0,2024,8,10,6,2,4,2,0,0,1,1,0,0,0,0,"734820,885900000110269","5694102,540799999609590",12.372305647000076,51.349599417000036,1,0,0,0,Mitte
253487,14240816144200567590,14,7,13,0,2024,8,23,6,2,5,2,2,0,0,1,0,1,0,0,"736222,491399999707937","5692527,577400000765920",12.391351902000054,51.33488151700004,1,0,0,0,Mitte
253506,14240911148310627410,14,7,13,0,2024,9,12,4,3,5,3,0,0,1,1,0,0,0,0,"730661,023000000044703","5690361,846999999135733",12.310251440000059,51.31772262100003,1,6,6,6,West
253509,14240815148422549170,14,7,13,0,2024,8,17,5,3,6,7,0,0,0,0,1,0,0,1,"732631,448800000362098","5692624,335300000384450",12.339954685000066,51.337230281000075,1,7,7,7,Alt-West
253510,14240815148410561670,14,7,13,0,2024,8,14,5,3,5,3,0,0,1,0,0,0,0,1,"735294,059999999590218","5692397,106899999082088",12.377961536000043,51.334095224000066,1,0,0,0,Mitte
253512,14240815148410542490,14,7,13,0,2024,8,14,5,3,2,2,0,0,0,1,0,0,0,0,"736680,122000000439584","5693778,460999999195337",12.398740780000026,51.34591937700003,1,2,2,2,Ost
253513,14240815148310568900,14,7,13,0,2024,8,9,5,3,1,7,0,0,0,1,0,0,0,0,"733083,064500000327826","5691575,666799999773502",12.34574082100005,51.32763184300006,1,5,5,5,Südwest
253514,14240815148210547890,14,7,13,0,2024,8,11,5,3,3,2,0,0,1,1,0,0,0,0,"734912,313299999572337","5690873,909399999305606",12.371487339000055,51.32058017700007,1,4,4,4,Süd
253515,14240821148110561640,14,7,13,0,2024,8,20,4,3,1,5,0,0,1,1,0,0,0,0,"736063,198900000192225","5697721,846400000154972",12.392515614000047,51.381572392000066,1,9,9,9,Nord